"job_order","job_id","stage","seed","sample_id","view_id","output_file","elapsed_cap_seconds","rss_cap_bytes","workers","retries","outcome_label_state","biological_outcomes_computed"
1,"fit__20260805","global_fit_views",20260805,,,"source/mv07g__20260805__source.rds",1800,8589934592,1,0,"closed",FALSE
2,"fit__20260806","global_fit_views",20260806,,,"source/mv07g__20260806__source.rds",1800,8589934592,1,0,"closed",FALSE
3,"fit__20260807","global_fit_views",20260807,,,"source/mv07g__20260807__source.rds",1800,8589934592,1,0,"closed",FALSE
4,"fit__20260808","global_fit_views",20260808,,,"source/mv07g__20260808__source.rds",1800,8589934592,1,0,"closed",FALSE
5,"fit__20260809","global_fit_views",20260809,,,"source/mv07g__20260809__source.rds",1800,8589934592,1,0,"closed",FALSE
6,"cell_ph__20260805__SRA701877_SRS3279688","cell_ph",20260805,"SRA701877_SRS3279688","cell_topology_v1","ph/mv07g__20260805__SRA701877_SRS3279688__cell_topology_v1__ph.rds",600,4294967296,1,0,"closed",FALSE
7,"cell_ph__20260805__SRA701877_SRS3279695","cell_ph",20260805,"SRA701877_SRS3279695","cell_topology_v1","ph/mv07g__20260805__SRA701877_SRS3279695__cell_topology_v1__ph.rds",600,4294967296,1,0,"closed",FALSE
8,"cell_ph__20260805__SRA742961_SRS3565197","cell_ph",20260805,"SRA742961_SRS3565197","cell_topology_v1","ph/mv07g__20260805__SRA742961_SRS3565197__cell_topology_v1__ph.rds",600,4294967296,1,0,"closed",FALSE
9,"cell_ph__20260805__SRA742961_SRS3565205","cell_ph",20260805,"SRA742961_SRS3565205","cell_topology_v1","ph/mv07g__20260805__SRA742961_SRS3565205__cell_topology_v1__ph.rds",600,4294967296,1,0,"closed",FALSE
10,"cell_ph__20260805__SRA850958_SRS4386101","cell_ph",20260805,"SRA850958_SRS4386101","cell_topology_v1","ph/mv07g__20260805__SRA850958_SRS4386101__cell_topology_v1__ph.rds",600,4294967296,1,0,"closed",FALSE
11,"cell_ph__20260805__SRA850958_SRS4386113","cell_ph",20260805,"SRA850958_SRS4386113","cell_topology_v1","ph/mv07g__20260805__SRA850958_SRS4386113__cell_topology_v1__ph.rds",600,4294967296,1,0,"closed",FALSE
12,"cell_ph__20260806__SRA701877_SRS3279688","cell_ph",20260806,"SRA701877_SRS3279688","cell_topology_v1","ph/mv07g__20260806__SRA701877_SRS3279688__cell_topology_v1__ph.rds",600,4294967296,1,0,"closed",FALSE
13,"cell_ph__20260806__SRA701877_SRS3279695","cell_ph",20260806,"SRA701877_SRS3279695","cell_topology_v1","ph/mv07g__20260806__SRA701877_SRS3279695__cell_topology_v1__ph.rds",600,4294967296,1,0,"closed",FALSE
14,"cell_ph__20260806__SRA742961_SRS3565197","cell_ph",20260806,"SRA742961_SRS3565197","cell_topology_v1","ph/mv07g__20260806__SRA742961_SRS3565197__cell_topology_v1__ph.rds",600,4294967296,1,0,"closed",FALSE
15,"cell_ph__20260806__SRA742961_SRS3565205","cell_ph",20260806,"SRA742961_SRS3565205","cell_topology_v1","ph/mv07g__20260806__SRA742961_SRS3565205__cell_topology_v1__ph.rds",600,4294967296,1,0,"closed",FALSE
16,"cell_ph__20260806__SRA850958_SRS4386101","cell_ph",20260806,"SRA850958_SRS4386101","cell_topology_v1","ph/mv07g__20260806__SRA850958_SRS4386101__cell_topology_v1__ph.rds",600,4294967296,1,0,"closed",FALSE
17,"cell_ph__20260806__SRA850958_SRS4386113","cell_ph",20260806,"SRA850958_SRS4386113","cell_topology_v1","ph/mv07g__20260806__SRA850958_SRS4386113__cell_topology_v1__ph.rds",600,4294967296,1,0,"closed",FALSE
18,"cell_ph__20260807__SRA701877_SRS3279688","cell_ph",20260807,"SRA701877_SRS3279688","cell_topology_v1","ph/mv07g__20260807__SRA701877_SRS3279688__cell_topology_v1__ph.rds",600,4294967296,1,0,"closed",FALSE
19,"cell_ph__20260807__SRA701877_SRS3279695","cell_ph",20260807,"SRA701877_SRS3279695","cell_topology_v1","ph/mv07g__20260807__SRA701877_SRS3279695__cell_topology_v1__ph.rds",600,4294967296,1,0,"closed",FALSE
20,"cell_ph__20260807__SRA742961_SRS3565197","cell_ph",20260807,"SRA742961_SRS3565197","cell_topology_v1","ph/mv07g__20260807__SRA742961_SRS3565197__cell_topology_v1__ph.rds",600,4294967296,1,0,"closed",FALSE
21,"cell_ph__20260807__SRA742961_SRS3565205","cell_ph",20260807,"SRA742961_SRS3565205","cell_topology_v1","ph/mv07g__20260807__SRA742961_SRS3565205__cell_topology_v1__ph.rds",600,4294967296,1,0,"closed",FALSE
22,"cell_ph__20260807__SRA850958_SRS4386101","cell_ph",20260807,"SRA850958_SRS4386101","cell_topology_v1","ph/mv07g__20260807__SRA850958_SRS4386101__cell_topology_v1__ph.rds",600,4294967296,1,0,"closed",FALSE
23,"cell_ph__20260807__SRA850958_SRS4386113","cell_ph",20260807,"SRA850958_SRS4386113","cell_topology_v1","ph/mv07g__20260807__SRA850958_SRS4386113__cell_topology_v1__ph.rds",600,4294967296,1,0,"closed",FALSE
24,"cell_ph__20260808__SRA701877_SRS3279688","cell_ph",20260808,"SRA701877_SRS3279688","cell_topology_v1","ph/mv07g__20260808__SRA701877_SRS3279688__cell_topology_v1__ph.rds",600,4294967296,1,0,"closed",FALSE
25,"cell_ph__20260808__SRA701877_SRS3279695","cell_ph",20260808,"SRA701877_SRS3279695","cell_topology_v1","ph/mv07g__20260808__SRA701877_SRS3279695__cell_topology_v1__ph.rds",600,4294967296,1,0,"closed",FALSE
26,"cell_ph__20260808__SRA742961_SRS3565197","cell_ph",20260808,"SRA742961_SRS3565197","cell_topology_v1","ph/mv07g__20260808__SRA742961_SRS3565197__cell_topology_v1__ph.rds",600,4294967296,1,0,"closed",FALSE
27,"cell_ph__20260808__SRA742961_SRS3565205","cell_ph",20260808,"SRA742961_SRS3565205","cell_topology_v1","ph/mv07g__20260808__SRA742961_SRS3565205__cell_topology_v1__ph.rds",600,4294967296,1,0,"closed",FALSE
28,"cell_ph__20260808__SRA850958_SRS4386101","cell_ph",20260808,"SRA850958_SRS4386101","cell_topology_v1","ph/mv07g__20260808__SRA850958_SRS4386101__cell_topology_v1__ph.rds",600,4294967296,1,0,"closed",FALSE
29,"cell_ph__20260808__SRA850958_SRS4386113","cell_ph",20260808,"SRA850958_SRS4386113","cell_topology_v1","ph/mv07g__20260808__SRA850958_SRS4386113__cell_topology_v1__ph.rds",600,4294967296,1,0,"closed",FALSE
30,"cell_ph__20260809__SRA701877_SRS3279688","cell_ph",20260809,"SRA701877_SRS3279688","cell_topology_v1","ph/mv07g__20260809__SRA701877_SRS3279688__cell_topology_v1__ph.rds",600,4294967296,1,0,"closed",FALSE
31,"cell_ph__20260809__SRA701877_SRS3279695","cell_ph",20260809,"SRA701877_SRS3279695","cell_topology_v1","ph/mv07g__20260809__SRA701877_SRS3279695__cell_topology_v1__ph.rds",600,4294967296,1,0,"closed",FALSE
32,"cell_ph__20260809__SRA742961_SRS3565197","cell_ph",20260809,"SRA742961_SRS3565197","cell_topology_v1","ph/mv07g__20260809__SRA742961_SRS3565197__cell_topology_v1__ph.rds",600,4294967296,1,0,"closed",FALSE
33,"cell_ph__20260809__SRA742961_SRS3565205","cell_ph",20260809,"SRA742961_SRS3565205","cell_topology_v1","ph/mv07g__20260809__SRA742961_SRS3565205__cell_topology_v1__ph.rds",600,4294967296,1,0,"closed",FALSE
34,"cell_ph__20260809__SRA850958_SRS4386101","cell_ph",20260809,"SRA850958_SRS4386101","cell_topology_v1","ph/mv07g__20260809__SRA850958_SRS4386101__cell_topology_v1__ph.rds",600,4294967296,1,0,"closed",FALSE
35,"cell_ph__20260809__SRA850958_SRS4386113","cell_ph",20260809,"SRA850958_SRS4386113","cell_topology_v1","ph/mv07g__20260809__SRA850958_SRS4386113__cell_topology_v1__ph.rds",600,4294967296,1,0,"closed",FALSE
36,"gene_ph__20260805__SRA701877_SRS3279688","gene_ph",20260805,"SRA701877_SRS3279688","gene_topology_v1","ph/mv07g__20260805__SRA701877_SRS3279688__gene_topology_v1__ph.rds",1800,8589934592,1,0,"closed",FALSE
37,"gene_ph__20260805__SRA701877_SRS3279695","gene_ph",20260805,"SRA701877_SRS3279695","gene_topology_v1","ph/mv07g__20260805__SRA701877_SRS3279695__gene_topology_v1__ph.rds",1800,8589934592,1,0,"closed",FALSE
38,"gene_ph__20260805__SRA742961_SRS3565197","gene_ph",20260805,"SRA742961_SRS3565197","gene_topology_v1","ph/mv07g__20260805__SRA742961_SRS3565197__gene_topology_v1__ph.rds",1800,8589934592,1,0,"closed",FALSE
39,"gene_ph__20260805__SRA742961_SRS3565205","gene_ph",20260805,"SRA742961_SRS3565205","gene_topology_v1","ph/mv07g__20260805__SRA742961_SRS3565205__gene_topology_v1__ph.rds",1800,8589934592,1,0,"closed",FALSE
40,"gene_ph__20260805__SRA850958_SRS4386101","gene_ph",20260805,"SRA850958_SRS4386101","gene_topology_v1","ph/mv07g__20260805__SRA850958_SRS4386101__gene_topology_v1__ph.rds",1800,8589934592,1,0,"closed",FALSE
41,"gene_ph__20260805__SRA850958_SRS4386113","gene_ph",20260805,"SRA850958_SRS4386113","gene_topology_v1","ph/mv07g__20260805__SRA850958_SRS4386113__gene_topology_v1__ph.rds",1800,8589934592,1,0,"closed",FALSE
42,"gene_ph__20260806__SRA701877_SRS3279688","gene_ph",20260806,"SRA701877_SRS3279688","gene_topology_v1","ph/mv07g__20260806__SRA701877_SRS3279688__gene_topology_v1__ph.rds",1800,8589934592,1,0,"closed",FALSE
43,"gene_ph__20260806__SRA701877_SRS3279695","gene_ph",20260806,"SRA701877_SRS3279695","gene_topology_v1","ph/mv07g__20260806__SRA701877_SRS3279695__gene_topology_v1__ph.rds",1800,8589934592,1,0,"closed",FALSE
44,"gene_ph__20260806__SRA742961_SRS3565197","gene_ph",20260806,"SRA742961_SRS3565197","gene_topology_v1","ph/mv07g__20260806__SRA742961_SRS3565197__gene_topology_v1__ph.rds",1800,8589934592,1,0,"closed",FALSE
45,"gene_ph__20260806__SRA742961_SRS3565205","gene_ph",20260806,"SRA742961_SRS3565205","gene_topology_v1","ph/mv07g__20260806__SRA742961_SRS3565205__gene_topology_v1__ph.rds",1800,8589934592,1,0,"closed",FALSE
46,"gene_ph__20260806__SRA850958_SRS4386101","gene_ph",20260806,"SRA850958_SRS4386101","gene_topology_v1","ph/mv07g__20260806__SRA850958_SRS4386101__gene_topology_v1__ph.rds",1800,8589934592,1,0,"closed",FALSE
47,"gene_ph__20260806__SRA850958_SRS4386113","gene_ph",20260806,"SRA850958_SRS4386113","gene_topology_v1","ph/mv07g__20260806__SRA850958_SRS4386113__gene_topology_v1__ph.rds",1800,8589934592,1,0,"closed",FALSE
48,"gene_ph__20260807__SRA701877_SRS3279688","gene_ph",20260807,"SRA701877_SRS3279688","gene_topology_v1","ph/mv07g__20260807__SRA701877_SRS3279688__gene_topology_v1__ph.rds",1800,8589934592,1,0,"closed",FALSE
49,"gene_ph__20260807__SRA701877_SRS3279695","gene_ph",20260807,"SRA701877_SRS3279695","gene_topology_v1","ph/mv07g__20260807__SRA701877_SRS3279695__gene_topology_v1__ph.rds",1800,8589934592,1,0,"closed",FALSE
50,"gene_ph__20260807__SRA742961_SRS3565197","gene_ph",20260807,"SRA742961_SRS3565197","gene_topology_v1","ph/mv07g__20260807__SRA742961_SRS3565197__gene_topology_v1__ph.rds",1800,8589934592,1,0,"closed",FALSE
51,"gene_ph__20260807__SRA742961_SRS3565205","gene_ph",20260807,"SRA742961_SRS3565205","gene_topology_v1","ph/mv07g__20260807__SRA742961_SRS3565205__gene_topology_v1__ph.rds",1800,8589934592,1,0,"closed",FALSE
52,"gene_ph__20260807__SRA850958_SRS4386101","gene_ph",20260807,"SRA850958_SRS4386101","gene_topology_v1","ph/mv07g__20260807__SRA850958_SRS4386101__gene_topology_v1__ph.rds",1800,8589934592,1,0,"closed",FALSE
53,"gene_ph__20260807__SRA850958_SRS4386113","gene_ph",20260807,"SRA850958_SRS4386113","gene_topology_v1","ph/mv07g__20260807__SRA850958_SRS4386113__gene_topology_v1__ph.rds",1800,8589934592,1,0,"closed",FALSE
54,"gene_ph__20260808__SRA701877_SRS3279688","gene_ph",20260808,"SRA701877_SRS3279688","gene_topology_v1","ph/mv07g__20260808__SRA701877_SRS3279688__gene_topology_v1__ph.rds",1800,8589934592,1,0,"closed",FALSE
55,"gene_ph__20260808__SRA701877_SRS3279695","gene_ph",20260808,"SRA701877_SRS3279695","gene_topology_v1","ph/mv07g__20260808__SRA701877_SRS3279695__gene_topology_v1__ph.rds",1800,8589934592,1,0,"closed",FALSE
56,"gene_ph__20260808__SRA742961_SRS3565197","gene_ph",20260808,"SRA742961_SRS3565197","gene_topology_v1","ph/mv07g__20260808__SRA742961_SRS3565197__gene_topology_v1__ph.rds",1800,8589934592,1,0,"closed",FALSE
57,"gene_ph__20260808__SRA742961_SRS3565205","gene_ph",20260808,"SRA742961_SRS3565205","gene_topology_v1","ph/mv07g__20260808__SRA742961_SRS3565205__gene_topology_v1__ph.rds",1800,8589934592,1,0,"closed",FALSE
58,"gene_ph__20260808__SRA850958_SRS4386101","gene_ph",20260808,"SRA850958_SRS4386101","gene_topology_v1","ph/mv07g__20260808__SRA850958_SRS4386101__gene_topology_v1__ph.rds",1800,8589934592,1,0,"closed",FALSE
59,"gene_ph__20260808__SRA850958_SRS4386113","gene_ph",20260808,"SRA850958_SRS4386113","gene_topology_v1","ph/mv07g__20260808__SRA850958_SRS4386113__gene_topology_v1__ph.rds",1800,8589934592,1,0,"closed",FALSE
60,"gene_ph__20260809__SRA701877_SRS3279688","gene_ph",20260809,"SRA701877_SRS3279688","gene_topology_v1","ph/mv07g__20260809__SRA701877_SRS3279688__gene_topology_v1__ph.rds",1800,8589934592,1,0,"closed",FALSE
61,"gene_ph__20260809__SRA701877_SRS3279695","gene_ph",20260809,"SRA701877_SRS3279695","gene_topology_v1","ph/mv07g__20260809__SRA701877_SRS3279695__gene_topology_v1__ph.rds",1800,8589934592,1,0,"closed",FALSE
62,"gene_ph__20260809__SRA742961_SRS3565197","gene_ph",20260809,"SRA742961_SRS3565197","gene_topology_v1","ph/mv07g__20260809__SRA742961_SRS3565197__gene_topology_v1__ph.rds",1800,8589934592,1,0,"closed",FALSE
63,"gene_ph__20260809__SRA742961_SRS3565205","gene_ph",20260809,"SRA742961_SRS3565205","gene_topology_v1","ph/mv07g__20260809__SRA742961_SRS3565205__gene_topology_v1__ph.rds",1800,8589934592,1,0,"closed",FALSE
64,"gene_ph__20260809__SRA850958_SRS4386101","gene_ph",20260809,"SRA850958_SRS4386101","gene_topology_v1","ph/mv07g__20260809__SRA850958_SRS4386101__gene_topology_v1__ph.rds",1800,8589934592,1,0,"closed",FALSE
65,"gene_ph__20260809__SRA850958_SRS4386113","gene_ph",20260809,"SRA850958_SRS4386113","gene_topology_v1","ph/mv07g__20260809__SRA850958_SRS4386113__gene_topology_v1__ph.rds",1800,8589934592,1,0,"closed",FALSE
