"contract_id","job_order","dataset_scope","source_tier","unit_id","fit_cells","selected_axes","selected_cells_per_axis","source_sha256","sentinel_role","authorization_state","repeat_required","output_file","elapsed_cap_seconds","rss_cap_bytes","workers","retries","outcome_label_state","biological_outcomes_computed"
"mv08n_residual_source_queue_v1",1,"external8","hca_exact_reference","HCA_BM_001",2818,1,384,"1d1f39d9a761c7323964c6692cfab5ef42bb318339dd5578f92fdf825364d2da","none","closed_pending_sentinel",FALSE,"external/HCA_BM_001__exact500_allqc_sct_model.rds",1800,12884901888,1,0,"closed",FALSE
"mv08n_residual_source_queue_v1",2,"external8","hca_exact_reference","HCA_BM_002",4614,1,384,"7b0a9f90b05d68c14af29cea39926f74f3c52d07c8825bdc4f01303bb6ad0e2f","external_mv08m_bridge_sentinel","source_view_sentinel_authorized",TRUE,"external/HCA_BM_002__exact500_allqc_sct_model.rds",1800,12884901888,1,0,"closed",FALSE
"mv08n_residual_source_queue_v1",3,"external8","hca_exact_reference","HCA_BM_003",3338,1,384,"d49781b497189d4083de50b568b96454a9cddb16dd669d388759a74fac19be27","none","closed_pending_sentinel",FALSE,"external/HCA_BM_003__exact500_allqc_sct_model.rds",1800,12884901888,1,0,"closed",FALSE
"mv08n_residual_source_queue_v1",4,"external8","hca_exact_reference","HCA_BM_004",2769,1,384,"bb29cf833fadd3c04aedf93564a2f68d5ccff1f9b7a03b1f10ed6ad648b09390","none","closed_pending_sentinel",FALSE,"external/HCA_BM_004__exact500_allqc_sct_model.rds",1800,12884901888,1,0,"closed",FALSE
"mv08n_residual_source_queue_v1",5,"external8","hca_exact_reference","HCA_BM_005",2571,1,384,"5af7e7e1afd5be249f23a72600d2d1a0380d89769c17a05e22f3c7be8116668b","none","closed_pending_sentinel",FALSE,"external/HCA_BM_005__exact500_allqc_sct_model.rds",1800,12884901888,1,0,"closed",FALSE
"mv08n_residual_source_queue_v1",6,"external8","hca_exact_reference","HCA_BM_006",3608,1,384,"e65c73d680945543e9c89573a59ec80f464f5c4590e2c6a779977ba183fce8c0","none","closed_pending_sentinel",FALSE,"external/HCA_BM_006__exact500_allqc_sct_model.rds",1800,12884901888,1,0,"closed",FALSE
"mv08n_residual_source_queue_v1",7,"external8","hca_exact_reference","HCA_BM_007",4076,1,384,"edf7efb345a7b25159acf96167ef8210aa64fa256b369def9d396f79986b4ed8","none","closed_pending_sentinel",FALSE,"external/HCA_BM_007__exact500_allqc_sct_model.rds",1800,12884901888,1,0,"closed",FALSE
"mv08n_residual_source_queue_v1",8,"external8","hca_exact_reference","HCA_BM_008",3661,1,384,"f23d99a449c1ecac52ede1103007c18a924d31501eaa32d9020186ee4cc4154f","none","closed_pending_sentinel",FALSE,"external/HCA_BM_008__exact500_allqc_sct_model.rds",1800,12884901888,1,0,"closed",FALSE
"mv08n_residual_source_queue_v1",9,"internal124","primary90","SRA550660_SRS2089635",1138,5,384,"22cac676c45b3526d280baa3f385659bf31c40b846b2e7df773cee0adab69050","none","closed_pending_sentinel",FALSE,"internal/SRA550660_SRS2089635__exact500_allqc_sct_model.rds",1800,12884901888,1,0,"closed",FALSE
"mv08n_residual_source_queue_v1",10,"internal124","primary90","SRA550660_SRS2089636",930,5,384,"d232cebca1ba613404a027137ad822631302fdb65efeb12215119b8a1aaf786a","none","closed_pending_sentinel",FALSE,"internal/SRA550660_SRS2089636__exact500_allqc_sct_model.rds",1800,12884901888,1,0,"closed",FALSE
"mv08n_residual_source_queue_v1",11,"internal124","primary90","SRA550660_SRS2089637",9071,5,384,"3ed50d40299834dee6b4b4cd088244accb98ab231d48043dcff63aa81e64f607","none","closed_pending_sentinel",FALSE,"internal/SRA550660_SRS2089637__exact500_allqc_sct_model.rds",1800,12884901888,1,0,"closed",FALSE
"mv08n_residual_source_queue_v1",12,"internal124","primary90","SRA550660_SRS2089638",1210,5,384,"456a2f503a43fd48595a32bf0a4489ac119c6c4d0062cf802cb64248a5cd2426","none","closed_pending_sentinel",FALSE,"internal/SRA550660_SRS2089638__exact500_allqc_sct_model.rds",1800,12884901888,1,0,"closed",FALSE
"mv08n_residual_source_queue_v1",13,"internal124","primary90","SRA550660_SRS2089639",8839,5,384,"78ac76cf54b3fbf5303fd3b3fb2f8166d9d048d923a270a1ecf54f9ee2621a92","none","closed_pending_sentinel",FALSE,"internal/SRA550660_SRS2089639__exact500_allqc_sct_model.rds",1800,12884901888,1,0,"closed",FALSE
"mv08n_residual_source_queue_v1",14,"internal124","primary90","SRA621638_SRS2610283",1177,5,384,"3499d2d980727ea696f6b01303aef00a7512fc60e11d379dae3c43e8b5fce5d6","none","closed_pending_sentinel",FALSE,"internal/SRA621638_SRS2610283__exact500_allqc_sct_model.rds",1800,12884901888,1,0,"closed",FALSE
"mv08n_residual_source_queue_v1",15,"internal124","primary90","SRA621638_SRS2610285",832,5,384,"958c26a2a79f1a02a8f813cb6ff9f7e139f3fab0990c19474d17e8cd97ff4810","none","closed_pending_sentinel",FALSE,"internal/SRA621638_SRS2610285__exact500_allqc_sct_model.rds",1800,12884901888,1,0,"closed",FALSE
"mv08n_residual_source_queue_v1",16,"internal124","primary90","SRA628554_SRS2664364",3410,5,384,"aff05dd0ba2f583cb4b315998bf811000e9522724b1bee642c450a7181939a97","none","closed_pending_sentinel",FALSE,"internal/SRA628554_SRS2664364__exact500_allqc_sct_model.rds",1800,12884901888,1,0,"closed",FALSE
"mv08n_residual_source_queue_v1",17,"internal124","primary90","SRA628554_SRS2664365",3141,5,384,"f478209802fc4847ebe8ac7e1c8720c93acade128cf8c667e25e1994dd06e678","none","closed_pending_sentinel",FALSE,"internal/SRA628554_SRS2664365__exact500_allqc_sct_model.rds",1800,12884901888,1,0,"closed",FALSE
"mv08n_residual_source_queue_v1",18,"internal124","primary90","SRA645804_SRS2823404",4205,5,384,"0d5afcfb9fe2fb8c03f0d63c02d0083a476e129bb7ed69661643517277326fec","none","closed_pending_sentinel",FALSE,"internal/SRA645804_SRS2823404__exact500_allqc_sct_model.rds",1800,12884901888,1,0,"closed",FALSE
"mv08n_residual_source_queue_v1",19,"internal124","primary90","SRA645804_SRS2823405",3680,5,384,"b42de4ff302c1af0d1bd2aa551afe30efc3771d44fba86c7ae4fdb33eb4f141c","none","closed_pending_sentinel",FALSE,"internal/SRA645804_SRS2823405__exact500_allqc_sct_model.rds",1800,12884901888,1,0,"closed",FALSE
"mv08n_residual_source_queue_v1",20,"internal124","primary90","SRA645804_SRS2823406",4297,5,384,"651d64d4a3f194f8bd98de5826029e8e4119d8f5577571cc7a89e1894c1343a0","none","closed_pending_sentinel",FALSE,"internal/SRA645804_SRS2823406__exact500_allqc_sct_model.rds",1800,12884901888,1,0,"closed",FALSE
"mv08n_residual_source_queue_v1",21,"internal124","primary90","SRA645804_SRS2823407",2708,5,384,"002d8c1a832a1febffd1ff3493c5c86c8d6714fc3c3148fdfd14bdeec7b95bc2","none","closed_pending_sentinel",FALSE,"internal/SRA645804_SRS2823407__exact500_allqc_sct_model.rds",1800,12884901888,1,0,"closed",FALSE
"mv08n_residual_source_queue_v1",22,"internal124","primary90","SRA645804_SRS2823408",3006,5,384,"e1e2aa06169eff84ab39e174d86022bb5d985bdb44e5e2b137aa5fc47ae385d3","none","closed_pending_sentinel",FALSE,"internal/SRA645804_SRS2823408__exact500_allqc_sct_model.rds",1800,12884901888,1,0,"closed",FALSE
"mv08n_residual_source_queue_v1",23,"internal124","primary90","SRA645804_SRS2823409",3897,5,384,"893056daa24503400b7d99d2b4fa10375985fc205627a0117324c9208287464b","none","closed_pending_sentinel",FALSE,"internal/SRA645804_SRS2823409__exact500_allqc_sct_model.rds",1800,12884901888,1,0,"closed",FALSE
"mv08n_residual_source_queue_v1",24,"internal124","primary90","SRA645804_SRS2823410",3561,5,384,"e5ebcd1423774b515c4ee003aaaef23ad8dd7bf50788349ffab0c4469ad0daff","none","closed_pending_sentinel",FALSE,"internal/SRA645804_SRS2823410__exact500_allqc_sct_model.rds",1800,12884901888,1,0,"closed",FALSE
"mv08n_residual_source_queue_v1",25,"internal124","primary90","SRA645804_SRS2823411",1031,5,384,"25fd339c9abd9225f72930403aca784edd598dd58fcb6f22a042767e59a94b4f","none","closed_pending_sentinel",FALSE,"internal/SRA645804_SRS2823411__exact500_allqc_sct_model.rds",1800,12884901888,1,0,"closed",FALSE
"mv08n_residual_source_queue_v1",26,"internal124","primary90","SRA645804_SRS2823412",3846,5,384,"4061648ed52f91d660938ed97bced4bf4cb3eb07ecee7cf239ae4f0d9b54c1db","none","closed_pending_sentinel",FALSE,"internal/SRA645804_SRS2823412__exact500_allqc_sct_model.rds",1800,12884901888,1,0,"closed",FALSE
"mv08n_residual_source_queue_v1",27,"internal124","primary90","SRA645804_SRS3572594",4035,5,384,"5664fe0cb2e4743e62b68cbf9d3a7be3bf57879dfd2309cb1bc615ebc34bf48b","none","closed_pending_sentinel",FALSE,"internal/SRA645804_SRS3572594__exact500_allqc_sct_model.rds",1800,12884901888,1,0,"closed",FALSE
"mv08n_residual_source_queue_v1",28,"internal124","primary90","SRA667709_SRS3065426",1118,5,384,"e71206776bef802869b2cbb1736f22f3a423bd66a681f4665cd410160f6e1ec3","none","closed_pending_sentinel",FALSE,"internal/SRA667709_SRS3065426__exact500_allqc_sct_model.rds",1800,12884901888,1,0,"closed",FALSE
"mv08n_residual_source_queue_v1",29,"internal124","primary90","SRA667709_SRS3065427",1945,5,384,"1db48a5dabb0f6309b446b4cd05f8451519fcac114bc0e556d0748447472906d","none","closed_pending_sentinel",FALSE,"internal/SRA667709_SRS3065427__exact500_allqc_sct_model.rds",1800,12884901888,1,0,"closed",FALSE
"mv08n_residual_source_queue_v1",30,"internal124","primary90","SRA667709_SRS3065428",1315,5,384,"24313ba775754ee7caef8d015ea8d04f32106a9c665113a67dc6deefc8d39285","none","closed_pending_sentinel",FALSE,"internal/SRA667709_SRS3065428__exact500_allqc_sct_model.rds",1800,12884901888,1,0,"closed",FALSE
"mv08n_residual_source_queue_v1",31,"internal124","primary90","SRA667709_SRS3065429",1847,5,384,"aaacb464a266ce35fcbba771f8a4ab5196431288bc0628d5e62fb757d2a7871b","none","closed_pending_sentinel",FALSE,"internal/SRA667709_SRS3065429__exact500_allqc_sct_model.rds",1800,12884901888,1,0,"closed",FALSE
"mv08n_residual_source_queue_v1",32,"internal124","primary90","SRA667709_SRS3065430",1486,5,384,"04b650aa6402e79a241735857ec7728b008fbacd571b790f549cc3a29824dbb1","none","closed_pending_sentinel",FALSE,"internal/SRA667709_SRS3065430__exact500_allqc_sct_model.rds",1800,12884901888,1,0,"closed",FALSE
"mv08n_residual_source_queue_v1",33,"internal124","primary90","SRA667709_SRS3065431",1410,5,384,"640783ac77aaf866c9269f376841cf4294ce4e9aa962cf944b19bd3c526d3de8","none","closed_pending_sentinel",FALSE,"internal/SRA667709_SRS3065431__exact500_allqc_sct_model.rds",1800,12884901888,1,0,"closed",FALSE
"mv08n_residual_source_queue_v1",34,"internal124","added34","SRA701877_SRS3279684",1885,5,384,"a36558b9f3b73987e1a34da7085b5855280a5cd6f29322696dbd498fcf90b0ad","none","closed_pending_sentinel",FALSE,"internal/SRA701877_SRS3279684__exact500_allqc_sct_model.rds",1800,12884901888,1,0,"closed",FALSE
"mv08n_residual_source_queue_v1",35,"internal124","added34","SRA701877_SRS3279685",943,5,384,"560a25a46e039d730828a1d264dfdb40fca81671b6105c33b38fd63cfca53f10","none","closed_pending_sentinel",FALSE,"internal/SRA701877_SRS3279685__exact500_allqc_sct_model.rds",1800,12884901888,1,0,"closed",FALSE
"mv08n_residual_source_queue_v1",36,"internal124","added34","SRA701877_SRS3279686",1632,5,384,"a282e32adb5f62c46e472a13ac4e3db74b7d24948b638e32264937684a39eec0","none","closed_pending_sentinel",FALSE,"internal/SRA701877_SRS3279686__exact500_allqc_sct_model.rds",1800,12884901888,1,0,"closed",FALSE
"mv08n_residual_source_queue_v1",37,"internal124","added34","SRA701877_SRS3279687",2106,5,384,"0bcb5b6d6730fb3e301d883c66615bf7b7f8e0996faa4280046b58c8d1d894fb","none","closed_pending_sentinel",FALSE,"internal/SRA701877_SRS3279687__exact500_allqc_sct_model.rds",1800,12884901888,1,0,"closed",FALSE
"mv08n_residual_source_queue_v1",38,"internal124","added34","SRA701877_SRS3279688",396,5,384,"b5fc88c6ebe85042b0a163f43a6e03966ec70c65900f12383711698d84762dd2","internal_minimum_cell_sentinel","source_view_sentinel_authorized",FALSE,"internal/SRA701877_SRS3279688__exact500_allqc_sct_model.rds",1800,12884901888,1,0,"closed",FALSE
"mv08n_residual_source_queue_v1",39,"internal124","added34","SRA701877_SRS3279689",1090,5,384,"9dea14ec77417ce6c648c7b719154e45672cfe59b424721794bf5aa7c4ea3f44","none","closed_pending_sentinel",FALSE,"internal/SRA701877_SRS3279689__exact500_allqc_sct_model.rds",1800,12884901888,1,0,"closed",FALSE
"mv08n_residual_source_queue_v1",40,"internal124","added34","SRA701877_SRS3279690",2157,5,384,"f880e73265ebf278305d60ef2da186027fb634c2dc9ac2870099e0a20bf9e185","none","closed_pending_sentinel",FALSE,"internal/SRA701877_SRS3279690__exact500_allqc_sct_model.rds",1800,12884901888,1,0,"closed",FALSE
"mv08n_residual_source_queue_v1",41,"internal124","added34","SRA701877_SRS3279691",1640,5,384,"23b397551655ef8ee1fe45fee122c779ef9c391574828d3413d52ec0183cf239","none","closed_pending_sentinel",FALSE,"internal/SRA701877_SRS3279691__exact500_allqc_sct_model.rds",1800,12884901888,1,0,"closed",FALSE
"mv08n_residual_source_queue_v1",42,"internal124","added34","SRA701877_SRS3279692",2619,5,384,"b639ad9600a620ce835f19429281c6464f3470563c86a2d7a372d3939e3ee018","none","closed_pending_sentinel",FALSE,"internal/SRA701877_SRS3279692__exact500_allqc_sct_model.rds",1800,12884901888,1,0,"closed",FALSE
"mv08n_residual_source_queue_v1",43,"internal124","added34","SRA701877_SRS3279693",2491,5,384,"62ac41fb3011395bd8c7fdb0b1afcc47043afdfa1b8298e21ec968cdaad79c73","none","closed_pending_sentinel",FALSE,"internal/SRA701877_SRS3279693__exact500_allqc_sct_model.rds",1800,12884901888,1,0,"closed",FALSE
"mv08n_residual_source_queue_v1",44,"internal124","added34","SRA701877_SRS3279694",2213,5,384,"92efbc926491ec874edd72f688d1afeb0dbd7233f0cc42031c724c2398554fba","none","closed_pending_sentinel",FALSE,"internal/SRA701877_SRS3279694__exact500_allqc_sct_model.rds",1800,12884901888,1,0,"closed",FALSE
"mv08n_residual_source_queue_v1",45,"internal124","added34","SRA701877_SRS3279695",2992,5,384,"7ff73e3646f3d377e03681f35870788a25bf4deb2e3c1bef5fc71b4371832d30","none","closed_pending_sentinel",FALSE,"internal/SRA701877_SRS3279695__exact500_allqc_sct_model.rds",1800,12884901888,1,0,"closed",FALSE
"mv08n_residual_source_queue_v1",46,"internal124","primary90","SRA703206_SRS3296611",4175,5,384,"b42aa8f46be754cd3db91e2d0da5cff061739ae221d309e28402b3f60a11cd03","none","closed_pending_sentinel",FALSE,"internal/SRA703206_SRS3296611__exact500_allqc_sct_model.rds",1800,12884901888,1,0,"closed",FALSE
"mv08n_residual_source_queue_v1",47,"internal124","primary90","SRA703206_SRS3296612",5705,5,384,"29d7093d1edd9671e4cf187727a60f4f11f157cbb065683c863ce3fa97c25cb6","none","closed_pending_sentinel",FALSE,"internal/SRA703206_SRS3296612__exact500_allqc_sct_model.rds",1800,12884901888,1,0,"closed",FALSE
"mv08n_residual_source_queue_v1",48,"internal124","primary90","SRA703206_SRS3296613",2950,5,384,"900f8b000a3b55377b5df72cdbe77ee6a5f73845a17d9cc9b9bba4f6d03a2038","none","closed_pending_sentinel",FALSE,"internal/SRA703206_SRS3296613__exact500_allqc_sct_model.rds",1800,12884901888,1,0,"closed",FALSE
"mv08n_residual_source_queue_v1",49,"internal124","primary90","SRA703206_SRS3296614",4223,5,384,"556aab9a2441bb7bc1933cdbb7891533020686cda4ad827cacf53a895c8ca2d3","none","closed_pending_sentinel",FALSE,"internal/SRA703206_SRS3296614__exact500_allqc_sct_model.rds",1800,12884901888,1,0,"closed",FALSE
"mv08n_residual_source_queue_v1",50,"internal124","primary90","SRA713577_SRS3363004",3326,5,384,"addd0f6f2c45257eca2af1f735857d4fcf4fdc7b9131c7966d3d407734b90f4b","none","closed_pending_sentinel",FALSE,"internal/SRA713577_SRS3363004__exact500_allqc_sct_model.rds",1800,12884901888,1,0,"closed",FALSE
"mv08n_residual_source_queue_v1",51,"internal124","primary90","SRA716608_SRS3391629",1043,5,384,"0c8a130cb9066568ce1b03ed56168cbdb2688f9908969e417d8b26bb9a0e45a7","none","closed_pending_sentinel",FALSE,"internal/SRA716608_SRS3391629__exact500_allqc_sct_model.rds",1800,12884901888,1,0,"closed",FALSE
"mv08n_residual_source_queue_v1",52,"internal124","primary90","SRA716608_SRS3391630",2284,5,384,"f404fd5057b49aae3c764a1a823d0110247249ebf5ff2eb284a71919b6f478c8","none","closed_pending_sentinel",FALSE,"internal/SRA716608_SRS3391630__exact500_allqc_sct_model.rds",1800,12884901888,1,0,"closed",FALSE
"mv08n_residual_source_queue_v1",53,"internal124","primary90","SRA716608_SRS3391631",847,5,384,"7946d26baa02f0d4101ba68b9316c8c89de1356fd36393fc80cf9c2530da6706","none","closed_pending_sentinel",FALSE,"internal/SRA716608_SRS3391631__exact500_allqc_sct_model.rds",1800,12884901888,1,0,"closed",FALSE
"mv08n_residual_source_queue_v1",54,"internal124","primary90","SRA716608_SRS3391632",554,5,384,"1e52e0b21428136d722751adc4044333c28ae42cb0625f6cfa1aef63d0f96752","none","closed_pending_sentinel",FALSE,"internal/SRA716608_SRS3391632__exact500_allqc_sct_model.rds",1800,12884901888,1,0,"closed",FALSE
"mv08n_residual_source_queue_v1",55,"internal124","primary90","SRA716608_SRS3391633",1721,5,384,"7395301186051d35c1755114c42d9d0edd7a2fac26d88d58a38aa1624acf232a","none","closed_pending_sentinel",FALSE,"internal/SRA716608_SRS3391633__exact500_allqc_sct_model.rds",1800,12884901888,1,0,"closed",FALSE
"mv08n_residual_source_queue_v1",56,"internal124","primary90","SRA728025_SRS3454421",586,5,384,"ee26586a7a9f11d1edc2c949dba9804eeb455abd4c791bd9f4d01ae9ab43ec85","none","closed_pending_sentinel",FALSE,"internal/SRA728025_SRS3454421__exact500_allqc_sct_model.rds",1800,12884901888,1,0,"closed",FALSE
"mv08n_residual_source_queue_v1",57,"internal124","primary90","SRA728025_SRS3454422",484,5,384,"0646e78cfd3a2052cb3266101cbb067ccd27c5e50972002e53b6c08cf2071aa0","none","closed_pending_sentinel",FALSE,"internal/SRA728025_SRS3454422__exact500_allqc_sct_model.rds",1800,12884901888,1,0,"closed",FALSE
"mv08n_residual_source_queue_v1",58,"internal124","primary90","SRA728025_SRS3454423",421,5,384,"dc0b2a458b96a4283b9d60b63a3b405ebee6c184787f7e3726e8d3ddc56bc2c7","none","closed_pending_sentinel",FALSE,"internal/SRA728025_SRS3454423__exact500_allqc_sct_model.rds",1800,12884901888,1,0,"closed",FALSE
"mv08n_residual_source_queue_v1",59,"internal124","primary90","SRA728025_SRS3454424",1228,5,384,"9e671955e46849dbf3e05c0a2becd84762d20df76da19bb75c1456979a8b7757","none","closed_pending_sentinel",FALSE,"internal/SRA728025_SRS3454424__exact500_allqc_sct_model.rds",1800,12884901888,1,0,"closed",FALSE
"mv08n_residual_source_queue_v1",60,"internal124","primary90","SRA728025_SRS3454425",1710,5,384,"7f9d4617250e555a7b88ecc9710d255479fe63c7704b24b09bda78dd26d33a2b","none","closed_pending_sentinel",FALSE,"internal/SRA728025_SRS3454425__exact500_allqc_sct_model.rds",1800,12884901888,1,0,"closed",FALSE
"mv08n_residual_source_queue_v1",61,"internal124","primary90","SRA728025_SRS3454426",2009,5,384,"fa4987dc62ef0c451c2943a43e25f748401ab3560a8d3b15643c664c1d5a0003","none","closed_pending_sentinel",FALSE,"internal/SRA728025_SRS3454426__exact500_allqc_sct_model.rds",1800,12884901888,1,0,"closed",FALSE
"mv08n_residual_source_queue_v1",62,"internal124","primary90","SRA728025_SRS3454427",1280,5,384,"5ec32339b8c8f8cbfacb224839dde1b5d66bc2a000eb085fe097f8907b877441","none","closed_pending_sentinel",FALSE,"internal/SRA728025_SRS3454427__exact500_allqc_sct_model.rds",1800,12884901888,1,0,"closed",FALSE
"mv08n_residual_source_queue_v1",63,"internal124","primary90","SRA728025_SRS3454428",1473,5,384,"9850a0578885ebeead620433f40357058a141f8be7147fa83af52ca1819979c8","none","closed_pending_sentinel",FALSE,"internal/SRA728025_SRS3454428__exact500_allqc_sct_model.rds",1800,12884901888,1,0,"closed",FALSE
"mv08n_residual_source_queue_v1",64,"internal124","primary90","SRA728025_SRS3454430",2127,5,384,"0b3ac602ffae98631ed8c003fb56d81ff58b5d014e97a4d7f90e0c73b946963a","none","closed_pending_sentinel",FALSE,"internal/SRA728025_SRS3454430__exact500_allqc_sct_model.rds",1800,12884901888,1,0,"closed",FALSE
"mv08n_residual_source_queue_v1",65,"internal124","primary90","SRA740174_SRS3548780",614,5,384,"6f02be1c9b70ab9714535ec30bab75227df0e092de01230bbe886e8d112a87a7","none","closed_pending_sentinel",FALSE,"internal/SRA740174_SRS3548780__exact500_allqc_sct_model.rds",1800,12884901888,1,0,"closed",FALSE
"mv08n_residual_source_queue_v1",66,"internal124","primary90","SRA740174_SRS3548781",952,5,384,"9f8fc1a209032a4a3d0f9cbc0209c97cc5d0f00d3e66d076f8ad5cbe6978313d","none","closed_pending_sentinel",FALSE,"internal/SRA740174_SRS3548781__exact500_allqc_sct_model.rds",1800,12884901888,1,0,"closed",FALSE
"mv08n_residual_source_queue_v1",67,"internal124","primary90","SRA740174_SRS3548782",646,5,384,"22335339643af8dd410c9ce6b70449686a51d62f21d43e8b745d0c197573c8ca","none","closed_pending_sentinel",FALSE,"internal/SRA740174_SRS3548782__exact500_allqc_sct_model.rds",1800,12884901888,1,0,"closed",FALSE
"mv08n_residual_source_queue_v1",68,"internal124","primary90","SRA740174_SRS3548783",955,5,384,"331fcb50da236131072799a1196ee8c4ce76b409bdf5ac03a1f97d6155b3eeb4","none","closed_pending_sentinel",FALSE,"internal/SRA740174_SRS3548783__exact500_allqc_sct_model.rds",1800,12884901888,1,0,"closed",FALSE
"mv08n_residual_source_queue_v1",69,"internal124","added34","SRA742961_SRS3565195",5718,5,384,"21d0cb012788e34415fe6d4b192d47b46cbc2f8676ed168bdd448937170ee1d0","none","closed_pending_sentinel",FALSE,"internal/SRA742961_SRS3565195__exact500_allqc_sct_model.rds",1800,12884901888,1,0,"closed",FALSE
"mv08n_residual_source_queue_v1",70,"internal124","added34","SRA742961_SRS3565196",7791,5,384,"25a12d8613a8490066af75ee047086759f7fd2b65a7682ab86d1eed7317d64c3","none","closed_pending_sentinel",FALSE,"internal/SRA742961_SRS3565196__exact500_allqc_sct_model.rds",1800,12884901888,1,0,"closed",FALSE
"mv08n_residual_source_queue_v1",71,"internal124","added34","SRA742961_SRS3565197",11475,5,384,"3771018468e07389203d1c776d06e4d58e78284d576c440007cfbe3f79f02bcd","internal_maximum_cell_sentinel","source_view_sentinel_authorized",TRUE,"internal/SRA742961_SRS3565197__exact500_allqc_sct_model.rds",1800,12884901888,1,0,"closed",FALSE
"mv08n_residual_source_queue_v1",72,"internal124","added34","SRA742961_SRS3565198",7396,5,384,"15f74311a31f1e35a520415d99fc3f952ba0c85da2569d610af3374bb506431e","none","closed_pending_sentinel",FALSE,"internal/SRA742961_SRS3565198__exact500_allqc_sct_model.rds",1800,12884901888,1,0,"closed",FALSE
"mv08n_residual_source_queue_v1",73,"internal124","added34","SRA742961_SRS3565199",8050,5,384,"94cb74e72cbe84cbb1a6a500ce42d05ece6acbb956ad635790eed59042007777","none","closed_pending_sentinel",FALSE,"internal/SRA742961_SRS3565199__exact500_allqc_sct_model.rds",1800,12884901888,1,0,"closed",FALSE
"mv08n_residual_source_queue_v1",74,"internal124","added34","SRA742961_SRS3565201",7482,5,384,"e1aad5fc625d946df76315f1820884f2642169b5ef91c5848e19ec401277d17d","none","closed_pending_sentinel",FALSE,"internal/SRA742961_SRS3565201__exact500_allqc_sct_model.rds",1800,12884901888,1,0,"closed",FALSE
"mv08n_residual_source_queue_v1",75,"internal124","added34","SRA742961_SRS3565202",5748,5,384,"c8e926b5ebedc643726aa087aae077d772596eb0a70170a2ea9d96555ee5efe6","none","closed_pending_sentinel",FALSE,"internal/SRA742961_SRS3565202__exact500_allqc_sct_model.rds",1800,12884901888,1,0,"closed",FALSE
"mv08n_residual_source_queue_v1",76,"internal124","added34","SRA742961_SRS3565203",6335,5,384,"a93f6d0f83c5c709834efd464dfcfffa6de76def082fa0a520e3ec30acab07ee","none","closed_pending_sentinel",FALSE,"internal/SRA742961_SRS3565203__exact500_allqc_sct_model.rds",1800,12884901888,1,0,"closed",FALSE
"mv08n_residual_source_queue_v1",77,"internal124","added34","SRA742961_SRS3565204",4900,5,384,"92d5caf84ddd90cf4bc7a388c021a7e246f87474d79e5417b106dc777587f29a","none","closed_pending_sentinel",FALSE,"internal/SRA742961_SRS3565204__exact500_allqc_sct_model.rds",1800,12884901888,1,0,"closed",FALSE
"mv08n_residual_source_queue_v1",78,"internal124","added34","SRA742961_SRS3565205",4751,5,384,"344600cdd86d43c185799b458c8f11626fbc2601371d0b294e3515b0ed54e723","none","closed_pending_sentinel",FALSE,"internal/SRA742961_SRS3565205__exact500_allqc_sct_model.rds",1800,12884901888,1,0,"closed",FALSE
"mv08n_residual_source_queue_v1",79,"internal124","added34","SRA742961_SRS3565206",6956,5,384,"0c972cdc8ea76f486f5d5bee9dfb3a460e9ffb0774e30a806ed049facc6f7712","none","closed_pending_sentinel",FALSE,"internal/SRA742961_SRS3565206__exact500_allqc_sct_model.rds",1800,12884901888,1,0,"closed",FALSE
"mv08n_residual_source_queue_v1",80,"internal124","added34","SRA742961_SRS3565207",6257,5,384,"6917cc2087585a51f10f053523be79ec2658df84cdce7bc3884e9dba2abed723","none","closed_pending_sentinel",FALSE,"internal/SRA742961_SRS3565207__exact500_allqc_sct_model.rds",1800,12884901888,1,0,"closed",FALSE
"mv08n_residual_source_queue_v1",81,"internal124","added34","SRA742961_SRS3565208",8118,5,384,"3ec23b8bab305c7362ad566dd30ace4b734b13fdf371a8819f23b871e98a453b","none","closed_pending_sentinel",FALSE,"internal/SRA742961_SRS3565208__exact500_allqc_sct_model.rds",1800,12884901888,1,0,"closed",FALSE
"mv08n_residual_source_queue_v1",82,"internal124","added34","SRA742961_SRS3565209",7044,5,384,"ca37f74346a514907fc46f9a6c673ad80f9260b1182e59b61743abc375993858","none","closed_pending_sentinel",FALSE,"internal/SRA742961_SRS3565209__exact500_allqc_sct_model.rds",1800,12884901888,1,0,"closed",FALSE
"mv08n_residual_source_queue_v1",83,"internal124","added34","SRA742961_SRS3565210",5566,5,384,"26c4a262315625215bb1bd45a856b95b5695fd9565e34e12ed125c892f5b79b0","none","closed_pending_sentinel",FALSE,"internal/SRA742961_SRS3565210__exact500_allqc_sct_model.rds",1800,12884901888,1,0,"closed",FALSE
"mv08n_residual_source_queue_v1",84,"internal124","added34","SRA742961_SRS3565211",5981,5,384,"cc6da3134b009dc572f371a954560678e0837e03952f8fbd09bb7b0a2f5d4394","none","closed_pending_sentinel",FALSE,"internal/SRA742961_SRS3565211__exact500_allqc_sct_model.rds",1800,12884901888,1,0,"closed",FALSE
"mv08n_residual_source_queue_v1",85,"internal124","primary90","SRA749327_SRS3693910",1889,5,384,"8ea3aa197cbc74517d8dba45263c603d520d1231f4cf72db8eb75923c445a3f6","none","closed_pending_sentinel",FALSE,"internal/SRA749327_SRS3693910__exact500_allqc_sct_model.rds",1800,12884901888,1,0,"closed",FALSE
"mv08n_residual_source_queue_v1",86,"internal124","primary90","SRA749327_SRS3693911",935,5,384,"2253651a6eb0eab484e942ec8dad0e01dc13832663e8b11d60a6b390f92873b8","none","closed_pending_sentinel",FALSE,"internal/SRA749327_SRS3693911__exact500_allqc_sct_model.rds",1800,12884901888,1,0,"closed",FALSE
"mv08n_residual_source_queue_v1",87,"internal124","primary90","SRA749327_SRS3693912",945,5,384,"d922f8a74959ec47ff288abc58beedd004d97359d86c7ae22ed9314d83f599aa","none","closed_pending_sentinel",FALSE,"internal/SRA749327_SRS3693912__exact500_allqc_sct_model.rds",1800,12884901888,1,0,"closed",FALSE
"mv08n_residual_source_queue_v1",88,"internal124","primary90","SRA749327_SRS3693913",2644,5,384,"c1d8cb96072e028aa5d4a2a8e19f196ff7ccad1b759c431b1f61721155353216","none","closed_pending_sentinel",FALSE,"internal/SRA749327_SRS3693913__exact500_allqc_sct_model.rds",1800,12884901888,1,0,"closed",FALSE
"mv08n_residual_source_queue_v1",89,"internal124","primary90","SRA760933_SRS3693061",7942,5,384,"ce7d6a5831f8542e8f9a93d90e3d25de0df38733e0a51e24d269ed770a76ed31","none","closed_pending_sentinel",FALSE,"internal/SRA760933_SRS3693061__exact500_allqc_sct_model.rds",1800,12884901888,1,0,"closed",FALSE
"mv08n_residual_source_queue_v1",90,"internal124","primary90","SRA779509_SRS3805245",5651,5,384,"ce90964f51c8fe9be5bc6c42570a9ef64cf6f757fd535b2da6a7d4aacdd14bc5","none","closed_pending_sentinel",FALSE,"internal/SRA779509_SRS3805245__exact500_allqc_sct_model.rds",1800,12884901888,1,0,"closed",FALSE
"mv08n_residual_source_queue_v1",91,"internal124","primary90","SRA779509_SRS3805246",5413,5,384,"8f7c36b330780095f2b11aff9d42eb6d65ce6f9ef9fd1f031990d85add8aebf1","none","closed_pending_sentinel",FALSE,"internal/SRA779509_SRS3805246__exact500_allqc_sct_model.rds",1800,12884901888,1,0,"closed",FALSE
"mv08n_residual_source_queue_v1",92,"internal124","primary90","SRA779509_SRS3805247",5416,5,384,"e24410a42c6c7e04685b056a2c25e1b249233162eddeb5a9008303f28d713dc1","none","closed_pending_sentinel",FALSE,"internal/SRA779509_SRS3805247__exact500_allqc_sct_model.rds",1800,12884901888,1,0,"closed",FALSE
"mv08n_residual_source_queue_v1",93,"internal124","primary90","SRA779509_SRS3805248",4536,5,384,"f7ad6c35909ba3636258e9852b7c3da4d010c374278e2cf78a55f7b61c9f3644","none","closed_pending_sentinel",FALSE,"internal/SRA779509_SRS3805248__exact500_allqc_sct_model.rds",1800,12884901888,1,0,"closed",FALSE
"mv08n_residual_source_queue_v1",94,"internal124","primary90","SRA779509_SRS3805249",874,5,384,"9486f75edc1ea14ec933bfc5a86a564533d03837cafb31aca1380570f8d42d4c","none","closed_pending_sentinel",FALSE,"internal/SRA779509_SRS3805249__exact500_allqc_sct_model.rds",1800,12884901888,1,0,"closed",FALSE
"mv08n_residual_source_queue_v1",95,"internal124","primary90","SRA779509_SRS3805250",3018,5,384,"db47322811cf5930c4cdc4c5b0aa2d3c1c0cbd306bbe7a5d8865caac4ce0d8b5","none","closed_pending_sentinel",FALSE,"internal/SRA779509_SRS3805250__exact500_allqc_sct_model.rds",1800,12884901888,1,0,"closed",FALSE
"mv08n_residual_source_queue_v1",96,"internal124","primary90","SRA779509_SRS3805251",2111,5,384,"678ef75068a228e9d6d218ffce24f39ed0a2cee11fa7761c545db68b2b33597c","none","closed_pending_sentinel",FALSE,"internal/SRA779509_SRS3805251__exact500_allqc_sct_model.rds",1800,12884901888,1,0,"closed",FALSE
"mv08n_residual_source_queue_v1",97,"internal124","primary90","SRA779509_SRS3805252",5071,5,384,"21cc74472a47839fa797ec9ecd4879d4933471549a019657f8356812dfe0d104","none","closed_pending_sentinel",FALSE,"internal/SRA779509_SRS3805252__exact500_allqc_sct_model.rds",1800,12884901888,1,0,"closed",FALSE
"mv08n_residual_source_queue_v1",98,"internal124","primary90","SRA779509_SRS3805253",4111,5,384,"caf8c340a4c9c0dbd3bca3def75065f2593eac1bf6d4e6a70bc2050a43083afb","none","closed_pending_sentinel",FALSE,"internal/SRA779509_SRS3805253__exact500_allqc_sct_model.rds",1800,12884901888,1,0,"closed",FALSE
"mv08n_residual_source_queue_v1",99,"internal124","primary90","SRA779509_SRS3805254",4499,5,384,"652ee32bac33c9790f2dfec02b8727d2dccee8114edc79d2015633b8b48ac7ff","none","closed_pending_sentinel",FALSE,"internal/SRA779509_SRS3805254__exact500_allqc_sct_model.rds",1800,12884901888,1,0,"closed",FALSE
"mv08n_residual_source_queue_v1",100,"internal124","primary90","SRA779509_SRS3805255",7261,5,384,"35228885399359c6213807674bc1847f2c18c849a22ab8ccaa35ef8478960a92","none","closed_pending_sentinel",FALSE,"internal/SRA779509_SRS3805255__exact500_allqc_sct_model.rds",1800,12884901888,1,0,"closed",FALSE
"mv08n_residual_source_queue_v1",101,"internal124","primary90","SRA779509_SRS3805256",4564,5,384,"10eb9fc9f37e7a8cd4b06020295c28952168f7429d41e26442a3051c967925b2","none","closed_pending_sentinel",FALSE,"internal/SRA779509_SRS3805256__exact500_allqc_sct_model.rds",1800,12884901888,1,0,"closed",FALSE
"mv08n_residual_source_queue_v1",102,"internal124","primary90","SRA779509_SRS3805257",3831,5,384,"57f564a87f1c4b000e32885ad3885e9f8cb74feecb2cd5a268335408437dd132","none","closed_pending_sentinel",FALSE,"internal/SRA779509_SRS3805257__exact500_allqc_sct_model.rds",1800,12884901888,1,0,"closed",FALSE
"mv08n_residual_source_queue_v1",103,"internal124","primary90","SRA779509_SRS3805258",5403,5,384,"7c1df1b918e38aae5e01b5b7d279c7c472c8acb8723ded4ad9173480bfdfc8e3","none","closed_pending_sentinel",FALSE,"internal/SRA779509_SRS3805258__exact500_allqc_sct_model.rds",1800,12884901888,1,0,"closed",FALSE
"mv08n_residual_source_queue_v1",104,"internal124","primary90","SRA779509_SRS3805259",5868,5,384,"0b036d8f9f0572416a387aabe142b2e8d539db3c45658d51b3b6d21f66ca29ea","none","closed_pending_sentinel",FALSE,"internal/SRA779509_SRS3805259__exact500_allqc_sct_model.rds",1800,12884901888,1,0,"closed",FALSE
"mv08n_residual_source_queue_v1",105,"internal124","primary90","SRA779509_SRS3805260",2989,5,384,"c820ad1d5efccf9c44a3224d9fbf0e67e8e3030b4bc216c67830625b4b069d7f","none","closed_pending_sentinel",FALSE,"internal/SRA779509_SRS3805260__exact500_allqc_sct_model.rds",1800,12884901888,1,0,"closed",FALSE
"mv08n_residual_source_queue_v1",106,"internal124","primary90","SRA779509_SRS3805261",1137,5,384,"c6c18a5cab16bea583608c8918d6e61bd97221a64958ed79c48441f01149b20a","none","closed_pending_sentinel",FALSE,"internal/SRA779509_SRS3805261__exact500_allqc_sct_model.rds",1800,12884901888,1,0,"closed",FALSE
"mv08n_residual_source_queue_v1",107,"internal124","primary90","SRA779509_SRS3805262",6124,5,384,"ddfb9e27dbee767a71a343aefd3bd0f1684b6f90bdbaa9d2079d4f8fd262f467","none","closed_pending_sentinel",FALSE,"internal/SRA779509_SRS3805262__exact500_allqc_sct_model.rds",1800,12884901888,1,0,"closed",FALSE
"mv08n_residual_source_queue_v1",108,"internal124","primary90","SRA779509_SRS3805263",5200,5,384,"0de777f1cfe545af434d283e5366b900802a6db5208dc0c89a0f434d6d62f57d","none","closed_pending_sentinel",FALSE,"internal/SRA779509_SRS3805263__exact500_allqc_sct_model.rds",1800,12884901888,1,0,"closed",FALSE
"mv08n_residual_source_queue_v1",109,"internal124","primary90","SRA779509_SRS3805264",979,5,384,"16ad69d3177feb23c5441f617f11cf941c3433c0790f98cf35f2008d8161960d","none","closed_pending_sentinel",FALSE,"internal/SRA779509_SRS3805264__exact500_allqc_sct_model.rds",1800,12884901888,1,0,"closed",FALSE
"mv08n_residual_source_queue_v1",110,"internal124","primary90","SRA779509_SRS3805265",5646,5,384,"73e3742823410c1dd0dddf8b1f00d1527afde22a25e2a22dad35b047cfe90879","none","closed_pending_sentinel",FALSE,"internal/SRA779509_SRS3805265__exact500_allqc_sct_model.rds",1800,12884901888,1,0,"closed",FALSE
"mv08n_residual_source_queue_v1",111,"internal124","primary90","SRA779509_SRS3805266",5590,5,384,"630bfd02d9bbad6bd14b65c714e80c67f8b7a54948e911b932013c518095b2d7","none","closed_pending_sentinel",FALSE,"internal/SRA779509_SRS3805266__exact500_allqc_sct_model.rds",1800,12884901888,1,0,"closed",FALSE
"mv08n_residual_source_queue_v1",112,"internal124","primary90","SRA779509_SRS3805267",3427,5,384,"82beb7530ba5cdc968bc6c060592618c0c8c4c88cf6eb9eb890c1c028d8c9e43","none","closed_pending_sentinel",FALSE,"internal/SRA779509_SRS3805267__exact500_allqc_sct_model.rds",1800,12884901888,1,0,"closed",FALSE
"mv08n_residual_source_queue_v1",113,"internal124","primary90","SRA779509_SRS3805268",5042,5,384,"debacc1af1194634aa64026507ca3de8952421fe8dbef69949b7abe0623fd61f","none","closed_pending_sentinel",FALSE,"internal/SRA779509_SRS3805268__exact500_allqc_sct_model.rds",1800,12884901888,1,0,"closed",FALSE
"mv08n_residual_source_queue_v1",114,"internal124","primary90","SRA779509_SRS3805269",5226,5,384,"ab4f65725fe5ab82c33c16e18622cbea03ddeed19969cb3aeeaf1f4b376fd4de","none","closed_pending_sentinel",FALSE,"internal/SRA779509_SRS3805269__exact500_allqc_sct_model.rds",1800,12884901888,1,0,"closed",FALSE
"mv08n_residual_source_queue_v1",115,"internal124","primary90","SRA784242_SRS3822680",537,5,384,"c5ad9278a0656ad8f3d21bbf4bbfdd3eed786f44c6071a66fbd0955d1cba2b0e","none","closed_pending_sentinel",FALSE,"internal/SRA784242_SRS3822680__exact500_allqc_sct_model.rds",1800,12884901888,1,0,"closed",FALSE
"mv08n_residual_source_queue_v1",116,"internal124","primary90","SRA784242_SRS3822682",574,5,384,"e44a5842c00ac7545b3d640b720d60995ab7d87871f824d6d3afcd2b2cce430d","none","closed_pending_sentinel",FALSE,"internal/SRA784242_SRS3822682__exact500_allqc_sct_model.rds",1800,12884901888,1,0,"closed",FALSE
"mv08n_residual_source_queue_v1",117,"internal124","primary90","SRA784242_SRS3822683",647,5,384,"ffdc7621b19ce0a7fe2b9d593f837505918968117cd6a8a6b2a0d338ed8ec04e","none","closed_pending_sentinel",FALSE,"internal/SRA784242_SRS3822683__exact500_allqc_sct_model.rds",1800,12884901888,1,0,"closed",FALSE
"mv08n_residual_source_queue_v1",118,"internal124","primary90","SRA784242_SRS3822686",623,5,384,"8d228d82d76ce651c941dd8c989bead57e158d8c50cd6fb028d4fcb42deaf7c5","none","closed_pending_sentinel",FALSE,"internal/SRA784242_SRS3822686__exact500_allqc_sct_model.rds",1800,12884901888,1,0,"closed",FALSE
"mv08n_residual_source_queue_v1",119,"internal124","primary90","SRA826293_SRS4181123",4490,5,384,"73ff8fe4139d804527ade133da3059bbd7daa273c0e841feb3aa18a20587cd6f","none","closed_pending_sentinel",FALSE,"internal/SRA826293_SRS4181123__exact500_allqc_sct_model.rds",1800,12884901888,1,0,"closed",FALSE
"mv08n_residual_source_queue_v1",120,"internal124","primary90","SRA826293_SRS4181124",1664,5,384,"a2cd485421d6073e69306909a5bc2e46c186e2730e6a222b0196067108a97763","none","closed_pending_sentinel",FALSE,"internal/SRA826293_SRS4181124__exact500_allqc_sct_model.rds",1800,12884901888,1,0,"closed",FALSE
"mv08n_residual_source_queue_v1",121,"internal124","primary90","SRA826293_SRS4181125",609,5,384,"71cfcdecfe80552067e3e4f4875bddaa4156c83179cdc193a25ce751617006b7","none","closed_pending_sentinel",FALSE,"internal/SRA826293_SRS4181125__exact500_allqc_sct_model.rds",1800,12884901888,1,0,"closed",FALSE
"mv08n_residual_source_queue_v1",122,"internal124","primary90","SRA826293_SRS4181126",2250,5,384,"4f40e3ca201e1f16035e47b36332ce80413fc310cdb49de9b6843c4409922c7a","none","closed_pending_sentinel",FALSE,"internal/SRA826293_SRS4181126__exact500_allqc_sct_model.rds",1800,12884901888,1,0,"closed",FALSE
"mv08n_residual_source_queue_v1",123,"internal124","primary90","SRA826293_SRS4181127",5276,5,384,"59c5951fef3b6894a1dceb410b55d0469432ac65c0969deae7e89382ce10347d","none","closed_pending_sentinel",FALSE,"internal/SRA826293_SRS4181127__exact500_allqc_sct_model.rds",1800,12884901888,1,0,"closed",FALSE
"mv08n_residual_source_queue_v1",124,"internal124","primary90","SRA826293_SRS4181128",4681,5,384,"2b0cad7e3f3109e0f3a7b8040eb60d2d2240ab5b76597eb190687274f0735fbb","none","closed_pending_sentinel",FALSE,"internal/SRA826293_SRS4181128__exact500_allqc_sct_model.rds",1800,12884901888,1,0,"closed",FALSE
"mv08n_residual_source_queue_v1",125,"internal124","primary90","SRA826293_SRS4181129",4038,5,384,"ec11b4fb95589ad7354aea5b4bb00e46ad21247aeb5cc8cda2bb222c7d356ffc","none","closed_pending_sentinel",FALSE,"internal/SRA826293_SRS4181129__exact500_allqc_sct_model.rds",1800,12884901888,1,0,"closed",FALSE
"mv08n_residual_source_queue_v1",126,"internal124","primary90","SRA826293_SRS4181130",7965,5,384,"780597f28dfd23e68d459811bb5d479a0d23256c7e49ab4466a8006a9978314c","none","closed_pending_sentinel",FALSE,"internal/SRA826293_SRS4181130__exact500_allqc_sct_model.rds",1800,12884901888,1,0,"closed",FALSE
"mv08n_residual_source_queue_v1",127,"internal124","added34","SRA850958_SRS4386101",1015,5,384,"d52a5d0b483d3ac6eddca9ad88767bc21d369e48aa418dafef85a50e7df0ab84","none","closed_pending_sentinel",FALSE,"internal/SRA850958_SRS4386101__exact500_allqc_sct_model.rds",1800,12884901888,1,0,"closed",FALSE
"mv08n_residual_source_queue_v1",128,"internal124","added34","SRA850958_SRS4386109",809,5,384,"1d65c204814e538f38761c015936900a268c76780b2da146c6528ec8106f6e53","none","closed_pending_sentinel",FALSE,"internal/SRA850958_SRS4386109__exact500_allqc_sct_model.rds",1800,12884901888,1,0,"closed",FALSE
"mv08n_residual_source_queue_v1",129,"internal124","added34","SRA850958_SRS4386110",617,5,384,"37157d0b54bf712d343af619f543f034ad6dcdd3afd9818818dba438f8a40247","none","closed_pending_sentinel",FALSE,"internal/SRA850958_SRS4386110__exact500_allqc_sct_model.rds",1800,12884901888,1,0,"closed",FALSE
"mv08n_residual_source_queue_v1",130,"internal124","added34","SRA850958_SRS4386111",778,5,384,"8f48352dc48b750322b5b7826eac6974645a0f982620be4eaa4b8c6e83a80b22","none","closed_pending_sentinel",FALSE,"internal/SRA850958_SRS4386111__exact500_allqc_sct_model.rds",1800,12884901888,1,0,"closed",FALSE
"mv08n_residual_source_queue_v1",131,"internal124","added34","SRA850958_SRS4386112",713,5,384,"e369d76985d76656d57c1a73a126ae64fa1e9e5b1cf0893cc721d0907f97652e","none","closed_pending_sentinel",FALSE,"internal/SRA850958_SRS4386112__exact500_allqc_sct_model.rds",1800,12884901888,1,0,"closed",FALSE
"mv08n_residual_source_queue_v1",132,"internal124","added34","SRA850958_SRS4386113",584,5,384,"3eda09be445ff370be43eac5fcf3bf68404d650a529920fd995bff1aa608820f","none","closed_pending_sentinel",FALSE,"internal/SRA850958_SRS4386113__exact500_allqc_sct_model.rds",1800,12884901888,1,0,"closed",FALSE
