"contract_id","execution_order","catalog_order","stack_id","seed","homology_dimension","disposition","worker_exit_status","elapsed_seconds","peak_process_tree_rss_bytes","elapsed_cap_seconds","process_tree_rss_cap_bytes","stderr_bytes","partition_rows","quality_rows","partitions_sha256","quality_sha256","status_sha256","workers","retries","labels_used","outcomes_used","biological_outcomes_computed"
"mv10e_resource_ledger_v1",1,1,"existing_selectedfit_data_exact500",20260805,"H0","completed",0,3.17563605308533,100945920,1800,4294967296,0,5580,45,"243a6f530ef5bd2c417eab4c4ef8d30ba11d6ab4bd354b79f4fafa59bbb3ab29","072afc30e4eaf7d1713e939f4b6fbd34b7e109ae37885dcb103081faa560f269","92344302b9b5cb054b015dfbf71eb1a3646f611f0afad38470eb848772c9d1f0",1,0,FALSE,FALSE,FALSE
"mv10e_resource_ledger_v1",2,2,"existing_selectedfit_data_exact500",20260805,"H1","completed",0,3.15788412094116,100790272,1800,4294967296,0,5580,45,"5331d0d3d83a769106b8b76fe568a151b732a9e7b400edb82c95bb23b0cfb156","866713a383b0de9f50e398fca42ade20500283ecd6f1bc95833669ebc9e3c81e","00b267540251da346607288cf1c196194a996b32bd0c1e55a78d4da8e5028b29",1,0,FALSE,FALSE,FALSE
"mv10e_resource_ledger_v1",3,3,"existing_selectedfit_data_exact500",20260806,"H0","completed",0,3.05003619194031,100950016,1800,4294967296,0,5580,45,"3e4bdb4740125072656f926f1aed58ba587e1b6fe70ee3c4fc04015de298fde3","c9d481d272d3cbb10469035abb6ee70b040c9346713f424d00047b63fd40aee7","17899768933b8f1904466cf66c758e9e26b68e771527273f26b4a9c35f7e12d1",1,0,FALSE,FALSE,FALSE
"mv10e_resource_ledger_v1",4,4,"existing_selectedfit_data_exact500",20260806,"H1","completed",0,3.20110273361206,100814848,1800,4294967296,0,5580,45,"b9079e076b3c38f7869b328d4ae978e1c11b7c99569cf59f04acd63c45ab81f5","b5d24de752fcba1386d3c4c50205c8697192b424f5e46db206fa426db396de69","fe41848cbfbbb87f3b8b9efd470332c1546948a901f4027191ed4df4099c846f",1,0,FALSE,FALSE,FALSE
"mv10e_resource_ledger_v1",5,5,"existing_selectedfit_data_exact500",20260807,"H0","completed",0,3.16488003730774,100851712,1800,4294967296,0,5580,45,"c02cad1fa392f154c97a23c352051fc2f5c3a26b3ff08fc9fcaf6f62309b1ac6","f40ea8ee28b54d563f67cb04bc408b580cdbbba6571e553602dc385a7efbe72b","69600fcdf751427825c769eed16a3eb5ebc79dccf9d06845109c61b97e3cf8cb",1,0,FALSE,FALSE,FALSE
"mv10e_resource_ledger_v1",6,6,"existing_selectedfit_data_exact500",20260807,"H1","completed",0,2.94490551948547,100937728,1800,4294967296,0,5580,45,"029d8afc3d98a064468a22215395d4e1f74db4f29d047fd2af206913f46ecd8b","14706a8c1ea2d28c1f1bfd2e8d0b575173fa639021f2814668d6eafba76f12be","d5f68f9fbae75c821c351cbb254cd01e6cbf9f7705ce9be3105e1eeb4c0e5104",1,0,FALSE,FALSE,FALSE
"mv10e_resource_ledger_v1",7,7,"existing_selectedfit_data_exact500",20260808,"H0","completed",0,3.28775238990784,100986880,1800,4294967296,0,5580,45,"5530f70531c006bcc77b04f74cf21f83e8294777823adac0caca0b68dc40d0bd","7079dcf3f6817174f39fc3fd7f34784db64da0d964f6d438f810fa6b37ca9a23","b844003c6c94272090044b48ced73923a41237d094baa02a4eb180eda8ed9850",1,0,FALSE,FALSE,FALSE
"mv10e_resource_ledger_v1",8,8,"existing_selectedfit_data_exact500",20260808,"H1","completed",0,3.164546251297,100851712,1800,4294967296,0,5580,45,"b628a939420fff1543b349515860d50bfdeb97686fc4a53552bb1f77f5d1a19a","2fc9d3e2c054f50b175c38b056fb6dbbcdf03f7f8cb71cb20ad4389c24425dc1","d7fe6d8e203e1288a21e8e0d03ffd2625423a4a579788e3bcd34ae9b8e22170b",1,0,FALSE,FALSE,FALSE
"mv10e_resource_ledger_v1",9,9,"existing_selectedfit_data_exact500",20260809,"H0","completed",0,3.05623340606689,101191680,1800,4294967296,0,5580,45,"3c8c0c5e47f0d25ecf90a68ff11812ab4f8ba61d02e98141555e50c9330bdeec","b46a0f0821fecf558943cc14ed45b685e2a7a18761d860fa1a1214dabaf80509","03a559dad2a986de19e5878d94e0f484ed319b0fe61f77f1ff3305603c721b44",1,0,FALSE,FALSE,FALSE
"mv10e_resource_ledger_v1",10,10,"existing_selectedfit_data_exact500",20260809,"H1","completed",0,3.04963970184326,100909056,1800,4294967296,0,5580,45,"19f57b38022ec529dd78de1216cb5b05cc635758f4c85c335a0e5ea4612ee3a9","1045d1d2baaa47e1f355cd1cb55879bc3db85c20ac1bd1fb237d53e315ce39d5","8da0e570b1db0a68bae8887b46b57bf7966fa65b3f8a0cf32893ad9812eb9d9b",1,0,FALSE,FALSE,FALSE
"mv10e_resource_ledger_v1",11,11,"allqc_data_exact500",20260805,"H0","completed",0,5.41984081268311,99500032,1800,4294967296,0,5580,45,"f354d377ae350391cfc4dd1ae4cdbb217c2f270ebe3060689d19617c126b8542","fc17cfd9fff24a00d4b5b1df288d55533a14d44ab7b249fba69ef1caf8842d7d","44a5878541f4737bcd67671d4ba63041e8a439facbc575688f8215b7bc1c6e81",1,0,FALSE,FALSE,FALSE
"mv10e_resource_ledger_v1",12,12,"allqc_data_exact500",20260805,"H1","completed",0,5.40732502937317,99778560,1800,4294967296,0,5580,45,"e0795cf39476c730aed0f221ba58b5ec69674242f2893d45f6485dade5540e75","662988cdbbea83e9e85b70388fe436d0fcbbbf3529b95fb8fd1f4711135b03c0","f0c38a8f9bd6dee85f4516a751f20cdd30c2e5b17ffc281d626d37c92549160c",1,0,FALSE,FALSE,FALSE
"mv10e_resource_ledger_v1",13,13,"allqc_data_exact500",20260806,"H0","completed",0,5.53957152366638,99258368,1800,4294967296,0,5580,45,"47a0af5f1beddec20a7ff25a9dfaaafc8331c2d8429470928ea9dd2f21c95a95","477d560a4c7d6d7604be877239f5202f926a425cb8fc3e67035e15485bab21e1","941fec0bf5d07bcb9b06694dc054010a6aaeca2829d112a4650aa1fe9f46a1d7",1,0,FALSE,FALSE,FALSE
"mv10e_resource_ledger_v1",14,14,"allqc_data_exact500",20260806,"H1","completed",0,5.38161134719849,99586048,1800,4294967296,0,5580,45,"44f904b8974453e14a8cd0abfb17c17025f9f552f1fbbae38e4c26afa020bf81","85fe6db0fce6b03c5caa5f798e7d7ea1653d0abebaf44bcbadc280a072d24fb4","1eeb3767635c1800201250eb0eb074e10be2dec9325ce378e0db3e05a6898b53",1,0,FALSE,FALSE,FALSE
"mv10e_resource_ledger_v1",15,15,"allqc_data_exact500",20260807,"H0","completed",0,5.4214870929718,99352576,1800,4294967296,0,5580,45,"797107ac338df1ae81893c76b3b9bcafb7540b88acd346c1b36a8115cd5a0d8e","65705bfb3195fb30800ea436872e8cc321d898921d9d227a089051516f24b531","ebc43f1cd6f3d37c9a1143f60c2936145a361e17e033eb37565fe7e5e5359ee3",1,0,FALSE,FALSE,FALSE
"mv10e_resource_ledger_v1",16,16,"allqc_data_exact500",20260807,"H1","completed",0,5.55306577682495,99569664,1800,4294967296,0,5580,45,"2f0ae55056b8f472ffad3afe262299f1517d63977713c532ae010bdd2965ce8c","53eb96111f12597d652b79efdbee05e0917d400b48a4325b21d7c84b11a3760e","3fc574b6e233fe2050f9417004c8bc0fb9a0e7f3dad8010490fc2818b43a4b63",1,0,FALSE,FALSE,FALSE
"mv10e_resource_ledger_v1",17,17,"allqc_data_exact500",20260808,"H0","completed",0,5.54298257827759,99196928,1800,4294967296,0,5580,45,"674d906ff2072f437b9098a083623adf2103c24f615ba6fe5ebdab39a275e431","e34a0fa95c89d9b8bb20a8048591ea49bae602a7f5e12fca192711e7dbb51aad","fbae3c6935b02974bfc03ef17f1d20e774acb6c1c62a0eca40092e5687458f85",1,0,FALSE,FALSE,FALSE
"mv10e_resource_ledger_v1",18,18,"allqc_data_exact500",20260808,"H1","completed",0,5.6392719745636,100466688,1800,4294967296,0,5580,45,"79ef59d7925b40103aa184891e6df38919220c5670c3ad8f68b01c4c37317f74","54d14b2e9cf541d3c8d3749c29e462d18414b798d0526522941b17dfcc52f58e","395b9a36b4e7c3ec8d65336bc40fb62bd06499c37f82bbb9f5315d84794d7ae3",1,0,FALSE,FALSE,FALSE
"mv10e_resource_ledger_v1",19,19,"allqc_data_exact500",20260809,"H0","completed",0,5.64940905570984,99409920,1800,4294967296,0,5580,45,"78fb0e2a5bac984b3013395fe305eb888998d356c4777e475bef9ce34c3dd252","951c1d5859513d14c301b4c423a72e617ac6b1c814602a90f51fbc71899de7fc","6d1bef10ac271eca71447197bcb6e5c18d0ad92c53ed5681e2085032cabba385",1,0,FALSE,FALSE,FALSE
"mv10e_resource_ledger_v1",20,20,"allqc_data_exact500",20260809,"H1","completed",0,5.53082203865051,99717120,1800,4294967296,0,5580,45,"cbf02a6e4c98b58dd02b1883d8973e984c6c50d920f1699fed02d25316f532ba","2f5cb42660f7c7f3d7db5dc940b61f6007ef57143356a42990d6d48e11d2597b","07efd3785a72ca4e90e19b169e89114a5570374983a480ab09171f82d63b718c",1,0,FALSE,FALSE,FALSE
"mv10e_resource_ledger_v1",21,21,"allqc_residual_exact500",20260805,"H0","completed",0,5.52263760566711,99463168,1800,4294967296,0,5580,45,"a64d3d57f65557feb2bacf524c7422b07725d5fd47ca4c03355afab1a44b7891","d172f11e1e4c920df05f37f4441500507bb2b3ea8c136a23250db61d8248919e","f6b1c7bebe11bc3211c1b239e2b186336a6c759f1ac9527be1d16d7e9823c840",1,0,FALSE,FALSE,FALSE
"mv10e_resource_ledger_v1",22,23,"allqc_residual_exact500",20260805,"H1","completed",0,5.52715301513672,99700736,1800,4294967296,0,5580,45,"e74577978e38ea0875dabbac78fb79fd48dc41da848a279f78b31d73e4bda9b3","0fe26f797f5ff685af2be925f478962fc17ba9c62478cba6e54c1fd71f27dd90","eae11c6dc6415a909241379e3d8b0e7cd28c68173c60ee8b64952b40327e9a28",1,0,FALSE,FALSE,FALSE
"mv10e_resource_ledger_v1",23,25,"allqc_residual_exact500",20260806,"H0","completed",0,5.58927965164185,99454976,1800,4294967296,0,5580,45,"446f23a54d1b3dd2e361f82e6b86ca12e9496d48cf8c63f030c4e7f5ed4aa884","64403711a28b5d30497ce8e4fc38d854acad91d9dccd4d0000a75b2f73e26072","fa9d45e23ed607c050227476f62409a74396a59bd9c3dba7cc6862eec68d76cf",1,0,FALSE,FALSE,FALSE
"mv10e_resource_ledger_v1",24,26,"allqc_residual_exact500",20260806,"H1","completed",0,5.85266065597534,99450880,1800,4294967296,0,5580,45,"1cc3c1004fba16fec9f4a65bad17f2ab69181e81affd136f02735201f29d9075","d132e9c600b0b68c16426420f07a1c9591ebd975616c6e30d77d34a58d04a0eb","ebbcb98406b2c39410b96006db485c94f2194ccebf35bd7b2afeced3ad2c6118",1,0,FALSE,FALSE,FALSE
"mv10e_resource_ledger_v1",25,27,"allqc_residual_exact500",20260807,"H0","completed",0,5.83034467697144,99590144,1800,4294967296,0,5580,45,"7a2fa88759bad6ab54c316a4d01fcd95aa6626b7f09840cdf5d4cec800a7a101","1f3d1468e9c165361dff118353b331a643269f49983f81c6bbbeda67916e2eb2","a0a5efc24b072d086fa98e5fffefedd191130ba0bb2c51c164139e44f35edf1e",1,0,FALSE,FALSE,FALSE
"mv10e_resource_ledger_v1",26,28,"allqc_residual_exact500",20260807,"H1","completed",0,5.95926356315613,99790848,1800,4294967296,0,5580,45,"ee52961595b649f2d11605c60701e5bc6673b1dfc674975f674b86bb83bee4d8","87df7dd589f0810382073f4d659d5afbb88b5365b5f79e4c6e82021336c749fe","8a1cae895aa0bd1ca1cc3c014605f0b6868727f564b94906a97bf0960f5a8688",1,0,FALSE,FALSE,FALSE
"mv10e_resource_ledger_v1",27,29,"allqc_residual_exact500",20260808,"H0","completed",0,5.84821677207947,99377152,1800,4294967296,0,5580,45,"7bd73527bc07f242cf1b0442948e33b29e1acb5d6a20c5b16e03a03c833562a8","7236601ffca4b1bcc4a7e2070b31dc10e25ffa6a3e3b45128cce475f70f86d16","e56440a24be35e98275d289fdd8dbd39a10fd81e434c5820065f665f884c9bf0",1,0,FALSE,FALSE,FALSE
"mv10e_resource_ledger_v1",28,30,"allqc_residual_exact500",20260808,"H1","completed",0,5.75044178962708,99766272,1800,4294967296,0,5580,45,"a8a7fd87c47e36da4e16651e0dcbe499de341f67b78cf7c57be5bdd0777023da","ff84d56c18baa6aaec1b141405f75818c3d83415a404a4405865bab8df051180","837878a57485f0f126a3dcd70ff98acdd9601bf0abe65be39dde94591844428e",1,0,FALSE,FALSE,FALSE
"mv10e_resource_ledger_v1",29,31,"allqc_residual_exact500",20260809,"H0","completed",0,6.0203161239624,99315712,1800,4294967296,0,5580,45,"e055b61abd02f2d4f4eb6e5f928fcd0299b46325c6dd732517372fa7c18fa388","9e104964f873b4686fb0451d4e831c1523612b5ae851e359875503b244950424","a2e5ece1f4781e7a14a50f0f9fe103e87a357239bca072dbc945a2a2556cb221",1,0,FALSE,FALSE,FALSE
"mv10e_resource_ledger_v1",30,32,"allqc_residual_exact500",20260809,"H1","completed",0,6.21011424064636,99635200,1800,4294967296,0,5580,45,"deb49e88b7f57c66fa6d791adaa64dc66910d58b792a790599099c03dcfb3f4d","f4f44ba635eb720680a937475262eaf5271e9c0c324fd109cae524f510e3d74c","ba170571b7c86bd7e46bb0a727cb6d2855625f41e8f1eb882399110e9997f3f1",1,0,FALSE,FALSE,FALSE
