"contract_id","dataset_scope","contrast_id","seed","metric","h0_value","h1_value","h1_minus_h0","interpretation"
"mv09_dimension_delta_v1","external8","common475_net_migration_effect",20260805,"pearson",0.930524586430905,0.574790253859865,-0.35573433257104,"paired_descriptive_dimension_difference"
"mv09_dimension_delta_v1","external8","common475_net_migration_effect",20260805,"spearman",0.93431855500821,0.625615763546798,-0.308702791461412,"paired_descriptive_dimension_difference"
"mv09_dimension_delta_v1","external8","common475_net_migration_effect",20260805,"nonnegative_scale",0.820311359248076,0.960198717344075,0.139887358095999,"paired_descriptive_dimension_difference"
"mv09_dimension_delta_v1","external8","common475_net_migration_effect",20260805,"relative_stress",0.179829866060721,0.154174791216392,-0.025655074844329,"paired_descriptive_dimension_difference"
"mv09_dimension_delta_v1","external8","common475_net_migration_effect",20260805,"left_median_distance",0.599548570168499,0.0168592738344671,-0.582689296334032,"paired_descriptive_dimension_difference"
"mv09_dimension_delta_v1","external8","common475_net_migration_effect",20260805,"right_median_distance",0.526961787259848,0.0163643429959806,-0.510597444263867,"paired_descriptive_dimension_difference"
"mv09_dimension_delta_v1","external8","common475_net_migration_effect",20260805,"median_abs_median_scaled_change",0.130724842719692,0.143718639056266,0.012993796336574,"paired_descriptive_dimension_difference"
"mv09_dimension_delta_v1","external8","common475_net_migration_effect",20260805,"p95_abs_median_scaled_change",0.364395316297645,0.251467872281064,-0.112927444016581,"paired_descriptive_dimension_difference"
"mv09_dimension_delta_v1","external8","common475_net_migration_effect",20260805,"mean_neighbor_jaccard",1,1,0,"paired_descriptive_dimension_difference"
"mv09_dimension_delta_v1","external8","common475_net_migration_effect",20260805,"median_neighbor_jaccard",1,1,0,"paired_descriptive_dimension_difference"
"mv09_dimension_delta_v1","external8","common475_net_migration_effect",20260805,"p10_neighbor_jaccard",1,1,0,"paired_descriptive_dimension_difference"
"mv09_dimension_delta_v1","external8","exact500_total_migration_effect",20260805,"pearson",0.929678995213666,0.471546553180781,-0.458132442032885,"paired_descriptive_dimension_difference"
"mv09_dimension_delta_v1","external8","exact500_total_migration_effect",20260805,"spearman",0.928297755883963,0.555008210180624,-0.373289545703339,"paired_descriptive_dimension_difference"
"mv09_dimension_delta_v1","external8","exact500_total_migration_effect",20260805,"nonnegative_scale",0.828276677803977,0.922753562271111,0.0944768844671341,"paired_descriptive_dimension_difference"
"mv09_dimension_delta_v1","external8","exact500_total_migration_effect",20260805,"relative_stress",0.180925261988355,0.162519344447117,-0.018405917541238,"paired_descriptive_dimension_difference"
"mv09_dimension_delta_v1","external8","exact500_total_migration_effect",20260805,"left_median_distance",0.599548570168499,0.0168592738344671,-0.582689296334032,"paired_descriptive_dimension_difference"
"mv09_dimension_delta_v1","external8","exact500_total_migration_effect",20260805,"right_median_distance",0.520601320251066,0.0157066970171895,-0.504894623233876,"paired_descriptive_dimension_difference"
"mv09_dimension_delta_v1","external8","exact500_total_migration_effect",20260805,"median_abs_median_scaled_change",0.153088881852541,0.15779364335527,0.004704761502729,"paired_descriptive_dimension_difference"
"mv09_dimension_delta_v1","external8","exact500_total_migration_effect",20260805,"p95_abs_median_scaled_change",0.373618830677099,0.292484220190999,-0.0811346104861,"paired_descriptive_dimension_difference"
"mv09_dimension_delta_v1","external8","exact500_total_migration_effect",20260805,"mean_neighbor_jaccard",1,1,0,"paired_descriptive_dimension_difference"
"mv09_dimension_delta_v1","external8","exact500_total_migration_effect",20260805,"median_neighbor_jaccard",1,1,0,"paired_descriptive_dimension_difference"
"mv09_dimension_delta_v1","external8","exact500_total_migration_effect",20260805,"p10_neighbor_jaccard",1,1,0,"paired_descriptive_dimension_difference"
"mv09_dimension_delta_v1","external8","fit_scope_effect",20260805,"pearson",0.997935920955993,0.923093546695067,-0.074842374260926,"paired_descriptive_dimension_difference"
"mv09_dimension_delta_v1","external8","fit_scope_effect",20260805,"spearman",0.99671592775041,0.88943623426382,-0.10727969348659,"paired_descriptive_dimension_difference"
"mv09_dimension_delta_v1","external8","fit_scope_effect",20260805,"nonnegative_scale",1.06182378424986,0.999585812296361,-0.0622379719534989,"paired_descriptive_dimension_difference"
"mv09_dimension_delta_v1","external8","fit_scope_effect",20260805,"relative_stress",0.0326247215457561,0.0732246694991218,0.0405999479533657,"paired_descriptive_dimension_difference"
"mv09_dimension_delta_v1","external8","fit_scope_effect",20260805,"left_median_distance",0.599548570168499,0.0168592738344671,-0.582689296334032,"paired_descriptive_dimension_difference"
"mv09_dimension_delta_v1","external8","fit_scope_effect",20260805,"right_median_distance",0.659732877787076,0.0172564994464479,-0.642476378340628,"paired_descriptive_dimension_difference"
"mv09_dimension_delta_v1","external8","fit_scope_effect",20260805,"median_abs_median_scaled_change",0.0411226572357249,0.0663890880964844,0.0252664308607595,"paired_descriptive_dimension_difference"
"mv09_dimension_delta_v1","external8","fit_scope_effect",20260805,"p95_abs_median_scaled_change",0.0973023665384767,0.118742121611942,0.0214397550734653,"paired_descriptive_dimension_difference"
"mv09_dimension_delta_v1","external8","fit_scope_effect",20260805,"mean_neighbor_jaccard",1,1,0,"paired_descriptive_dimension_difference"
"mv09_dimension_delta_v1","external8","fit_scope_effect",20260805,"median_neighbor_jaccard",1,1,0,"paired_descriptive_dimension_difference"
"mv09_dimension_delta_v1","external8","fit_scope_effect",20260805,"p10_neighbor_jaccard",1,1,0,"paired_descriptive_dimension_difference"
"mv09_dimension_delta_v1","external8","layer_effect",20260805,"pearson",0.924058584152537,0.516460639202503,-0.407597944950034,"paired_descriptive_dimension_difference"
"mv09_dimension_delta_v1","external8","layer_effect",20260805,"spearman",0.933771209633279,0.509578544061303,-0.424192665571976,"paired_descriptive_dimension_difference"
"mv09_dimension_delta_v1","external8","layer_effect",20260805,"nonnegative_scale",0.770600227809169,0.955091422520267,0.184491194711098,"paired_descriptive_dimension_difference"
"mv09_dimension_delta_v1","external8","layer_effect",20260805,"relative_stress",0.19023600148359,0.17240895052874,-0.01782705095485,"paired_descriptive_dimension_difference"
"mv09_dimension_delta_v1","external8","layer_effect",20260805,"left_median_distance",0.659732877787076,0.0172564994464479,-0.642476378340628,"paired_descriptive_dimension_difference"
"mv09_dimension_delta_v1","external8","layer_effect",20260805,"right_median_distance",0.526961787259848,0.0163643429959806,-0.510597444263867,"paired_descriptive_dimension_difference"
"mv09_dimension_delta_v1","external8","layer_effect",20260805,"median_abs_median_scaled_change",0.142748141004884,0.153572447828132,0.010824306823248,"paired_descriptive_dimension_difference"
"mv09_dimension_delta_v1","external8","layer_effect",20260805,"p95_abs_median_scaled_change",0.382593876855197,0.318339169573732,-0.064254707281465,"paired_descriptive_dimension_difference"
"mv09_dimension_delta_v1","external8","layer_effect",20260805,"mean_neighbor_jaccard",1,1,0,"paired_descriptive_dimension_difference"
"mv09_dimension_delta_v1","external8","layer_effect",20260805,"median_neighbor_jaccard",1,1,0,"paired_descriptive_dimension_difference"
"mv09_dimension_delta_v1","external8","layer_effect",20260805,"p10_neighbor_jaccard",1,1,0,"paired_descriptive_dimension_difference"
"mv09_dimension_delta_v1","external8","residual_panel_effect",20260805,"pearson",0.998959939023002,0.964460752773126,-0.0344991862498759,"paired_descriptive_dimension_difference"
"mv09_dimension_delta_v1","external8","residual_panel_effect",20260805,"spearman",0.994526546250684,0.9584017515052,-0.036124794745484,"paired_descriptive_dimension_difference"
"mv09_dimension_delta_v1","external8","residual_panel_effect",20260805,"nonnegative_scale",1.00968085884992,0.961288663549555,-0.048392195300365,"paired_descriptive_dimension_difference"
"mv09_dimension_delta_v1","external8","residual_panel_effect",20260805,"relative_stress",0.0215940595058738,0.0459718235401741,0.0243777640343003,"paired_descriptive_dimension_difference"
"mv09_dimension_delta_v1","external8","residual_panel_effect",20260805,"left_median_distance",0.526961787259848,0.0163643429959806,-0.510597444263867,"paired_descriptive_dimension_difference"
"mv09_dimension_delta_v1","external8","residual_panel_effect",20260805,"right_median_distance",0.520601320251066,0.0157066970171895,-0.504894623233876,"paired_descriptive_dimension_difference"
"mv09_dimension_delta_v1","external8","residual_panel_effect",20260805,"median_abs_median_scaled_change",0.0270935110549929,0.0308298632098137,0.0037363521548208,"paired_descriptive_dimension_difference"
"mv09_dimension_delta_v1","external8","residual_panel_effect",20260805,"p95_abs_median_scaled_change",0.0619245683214754,0.0863836572951712,0.0244590889736958,"paired_descriptive_dimension_difference"
"mv09_dimension_delta_v1","external8","residual_panel_effect",20260805,"mean_neighbor_jaccard",1,1,0,"paired_descriptive_dimension_difference"
"mv09_dimension_delta_v1","external8","residual_panel_effect",20260805,"median_neighbor_jaccard",1,1,0,"paired_descriptive_dimension_difference"
"mv09_dimension_delta_v1","external8","residual_panel_effect",20260805,"p10_neighbor_jaccard",1,1,0,"paired_descriptive_dimension_difference"
"mv09_dimension_delta_v1","internal124","fit_scope_effect",20260805,"pearson",0.99947177389428,0.996667552333693,-0.00280422156058702,"paired_descriptive_dimension_difference"
"mv09_dimension_delta_v1","internal124","fit_scope_effect",20260805,"spearman",0.999263104636464,0.995892532971036,-0.00337057166542798,"paired_descriptive_dimension_difference"
"mv09_dimension_delta_v1","internal124","fit_scope_effect",20260805,"nonnegative_scale",1.00341426282813,0.986956055355141,-0.016458207472989,"paired_descriptive_dimension_difference"
"mv09_dimension_delta_v1","internal124","fit_scope_effect",20260805,"relative_stress",0.0188062767191418,0.0309450104841038,0.012138733764962,"paired_descriptive_dimension_difference"
"mv09_dimension_delta_v1","internal124","fit_scope_effect",20260805,"left_median_distance",1.02735207056916,0.0273525080161923,-0.999999562552968,"paired_descriptive_dimension_difference"
"mv09_dimension_delta_v1","internal124","fit_scope_effect",20260805,"right_median_distance",1.02826616889684,0.0268523765861435,-1.0014137923107,"paired_descriptive_dimension_difference"
"mv09_dimension_delta_v1","internal124","fit_scope_effect",20260805,"median_abs_median_scaled_change",0.014295182536638,0.0234031318414549,0.0091079493048169,"paired_descriptive_dimension_difference"
"mv09_dimension_delta_v1","internal124","fit_scope_effect",20260805,"p95_abs_median_scaled_change",0.0597301195291004,0.0725808640697825,0.0128507445406821,"paired_descriptive_dimension_difference"
"mv09_dimension_delta_v1","internal124","fit_scope_effect",20260805,"mean_neighbor_jaccard",0.898582600195503,0.756498877466619,-0.142083722728884,"paired_descriptive_dimension_difference"
"mv09_dimension_delta_v1","internal124","fit_scope_effect",20260805,"median_neighbor_jaccard",1,0.818181818181818,-0.181818181818182,"paired_descriptive_dimension_difference"
"mv09_dimension_delta_v1","internal124","fit_scope_effect",20260805,"p10_neighbor_jaccard",0.818181818181818,0.538461538461538,-0.27972027972028,"paired_descriptive_dimension_difference"
"mv09_dimension_delta_v1","internal124","fit_scope_effect",20260806,"pearson",0.999665261815912,0.996202403527001,-0.00346285828891102,"paired_descriptive_dimension_difference"
"mv09_dimension_delta_v1","internal124","fit_scope_effect",20260806,"spearman",0.999442180466132,0.995170086418416,-0.004272094047716,"paired_descriptive_dimension_difference"
"mv09_dimension_delta_v1","internal124","fit_scope_effect",20260806,"nonnegative_scale",1.00615015193493,0.99655622097503,-0.00959393095990002,"paired_descriptive_dimension_difference"
"mv09_dimension_delta_v1","internal124","fit_scope_effect",20260806,"relative_stress",0.0151208345724683,0.033681480962097,0.0185606463896287,"paired_descriptive_dimension_difference"
"mv09_dimension_delta_v1","internal124","fit_scope_effect",20260806,"left_median_distance",1.01472840440442,0.0276855106426879,-0.987042893761732,"paired_descriptive_dimension_difference"
"mv09_dimension_delta_v1","internal124","fit_scope_effect",20260806,"right_median_distance",1.01388653649772,0.0275126351768027,-0.986373901320917,"paired_descriptive_dimension_difference"
"mv09_dimension_delta_v1","internal124","fit_scope_effect",20260806,"median_abs_median_scaled_change",0.0136277124679226,0.0231806789591575,0.0095529664912349,"paired_descriptive_dimension_difference"
"mv09_dimension_delta_v1","internal124","fit_scope_effect",20260806,"p95_abs_median_scaled_change",0.0582484558937617,0.0783714454720101,0.0201229895782484,"paired_descriptive_dimension_difference"
"mv09_dimension_delta_v1","internal124","fit_scope_effect",20260806,"mean_neighbor_jaccard",0.908056996766674,0.758526419816742,-0.149530576949932,"paired_descriptive_dimension_difference"
"mv09_dimension_delta_v1","internal124","fit_scope_effect",20260806,"median_neighbor_jaccard",1,0.818181818181818,-0.181818181818182,"paired_descriptive_dimension_difference"
"mv09_dimension_delta_v1","internal124","fit_scope_effect",20260806,"p10_neighbor_jaccard",0.818181818181818,0.538461538461538,-0.27972027972028,"paired_descriptive_dimension_difference"
"mv09_dimension_delta_v1","internal124","fit_scope_effect",20260807,"pearson",0.999693999374131,0.996992570605752,-0.00270142876837898,"paired_descriptive_dimension_difference"
"mv09_dimension_delta_v1","internal124","fit_scope_effect",20260807,"spearman",0.999481012592489,0.996485482596973,-0.002995529995516,"paired_descriptive_dimension_difference"
"mv09_dimension_delta_v1","internal124","fit_scope_effect",20260807,"nonnegative_scale",1.00486323616865,0.992055957616088,-0.012807278552562,"paired_descriptive_dimension_difference"
"mv09_dimension_delta_v1","internal124","fit_scope_effect",20260807,"relative_stress",0.0144987236211457,0.0293050511751388,0.0148063275539931,"paired_descriptive_dimension_difference"
"mv09_dimension_delta_v1","internal124","fit_scope_effect",20260807,"left_median_distance",1.0387078636052,0.0274852257996223,-1.01122263780558,"paired_descriptive_dimension_difference"
"mv09_dimension_delta_v1","internal124","fit_scope_effect",20260807,"right_median_distance",1.04237609404409,0.0272059447057426,-1.01517014933835,"paired_descriptive_dimension_difference"
"mv09_dimension_delta_v1","internal124","fit_scope_effect",20260807,"median_abs_median_scaled_change",0.013252656608543,0.021785335246794,0.008532678638251,"paired_descriptive_dimension_difference"
"mv09_dimension_delta_v1","internal124","fit_scope_effect",20260807,"p95_abs_median_scaled_change",0.0474089541315475,0.0664182884320919,0.0190093343005444,"paired_descriptive_dimension_difference"
"mv09_dimension_delta_v1","internal124","fit_scope_effect",20260807,"mean_neighbor_jaccard",0.901515151515151,0.781353055546604,-0.120162095968547,"paired_descriptive_dimension_difference"
"mv09_dimension_delta_v1","internal124","fit_scope_effect",20260807,"median_neighbor_jaccard",0.818181818181818,0.818181818181818,0,"paired_descriptive_dimension_difference"
"mv09_dimension_delta_v1","internal124","fit_scope_effect",20260807,"p10_neighbor_jaccard",0.818181818181818,0.666666666666667,-0.151515151515151,"paired_descriptive_dimension_difference"
"mv09_dimension_delta_v1","internal124","fit_scope_effect",20260808,"pearson",0.999675058937017,0.996129701623962,-0.00354535731305505,"paired_descriptive_dimension_difference"
"mv09_dimension_delta_v1","internal124","fit_scope_effect",20260808,"spearman",0.999449033612911,0.995292791105198,-0.00415624250771307,"paired_descriptive_dimension_difference"
"mv09_dimension_delta_v1","internal124","fit_scope_effect",20260808,"nonnegative_scale",1.00265479668395,0.990962936325377,-0.0116918603585731,"paired_descriptive_dimension_difference"
"mv09_dimension_delta_v1","internal124","fit_scope_effect",20260808,"relative_stress",0.0149221872355243,0.0332334137890849,0.0183112265535606,"paired_descriptive_dimension_difference"
"mv09_dimension_delta_v1","internal124","fit_scope_effect",20260808,"left_median_distance",1.04114569111203,0.0276659342457,-1.01347975686633,"paired_descriptive_dimension_difference"
"mv09_dimension_delta_v1","internal124","fit_scope_effect",20260808,"right_median_distance",1.03751097952475,0.0273054720296919,-1.01020550749506,"paired_descriptive_dimension_difference"
"mv09_dimension_delta_v1","internal124","fit_scope_effect",20260808,"median_abs_median_scaled_change",0.0139585051539264,0.0229163918230398,0.0089578866691134,"paired_descriptive_dimension_difference"
"mv09_dimension_delta_v1","internal124","fit_scope_effect",20260808,"p95_abs_median_scaled_change",0.0519350407336084,0.0791764624583815,0.0272414217247731,"paired_descriptive_dimension_difference"
"mv09_dimension_delta_v1","internal124","fit_scope_effect",20260808,"mean_neighbor_jaccard",0.901759530791789,0.743307767501316,-0.158451763290473,"paired_descriptive_dimension_difference"
"mv09_dimension_delta_v1","internal124","fit_scope_effect",20260808,"median_neighbor_jaccard",0.909090909090909,0.742424242424242,-0.166666666666667,"paired_descriptive_dimension_difference"
"mv09_dimension_delta_v1","internal124","fit_scope_effect",20260808,"p10_neighbor_jaccard",0.818181818181818,0.538461538461538,-0.27972027972028,"paired_descriptive_dimension_difference"
"mv09_dimension_delta_v1","internal124","fit_scope_effect",20260809,"pearson",0.999629975267561,0.9971345996821,-0.00249537558546098,"paired_descriptive_dimension_difference"
"mv09_dimension_delta_v1","internal124","fit_scope_effect",20260809,"spearman",0.99940000987978,0.99640156298321,-0.00299844689656992,"paired_descriptive_dimension_difference"
"mv09_dimension_delta_v1","internal124","fit_scope_effect",20260809,"nonnegative_scale",1.00571712748706,0.989633229546797,-0.016083897940263,"paired_descriptive_dimension_difference"
"mv09_dimension_delta_v1","internal124","fit_scope_effect",20260809,"relative_stress",0.0158781541774971,0.02917706215199,0.0132989079744929,"paired_descriptive_dimension_difference"
"mv09_dimension_delta_v1","internal124","fit_scope_effect",20260809,"left_median_distance",1.01349644468529,0.0277310665727456,-0.985765378112544,"paired_descriptive_dimension_difference"
"mv09_dimension_delta_v1","internal124","fit_scope_effect",20260809,"right_median_distance",1.0174216045978,0.0273588059659983,-0.990062798631802,"paired_descriptive_dimension_difference"
"mv09_dimension_delta_v1","internal124","fit_scope_effect",20260809,"median_abs_median_scaled_change",0.0127298380153049,0.0211808760472602,0.0084510380319553,"paired_descriptive_dimension_difference"
"mv09_dimension_delta_v1","internal124","fit_scope_effect",20260809,"p95_abs_median_scaled_change",0.0558572402447046,0.0682933618483466,0.012436121603642,"paired_descriptive_dimension_difference"
"mv09_dimension_delta_v1","internal124","fit_scope_effect",20260809,"mean_neighbor_jaccard",0.916854650725618,0.80656171785204,-0.110292932873578,"paired_descriptive_dimension_difference"
"mv09_dimension_delta_v1","internal124","fit_scope_effect",20260809,"median_neighbor_jaccard",1,0.818181818181818,-0.181818181818182,"paired_descriptive_dimension_difference"
"mv09_dimension_delta_v1","internal124","fit_scope_effect",20260809,"p10_neighbor_jaccard",0.818181818181818,0.666666666666667,-0.151515151515151,"paired_descriptive_dimension_difference"
"mv09_dimension_delta_v1","internal124","layer_effect",20260805,"pearson",0.967371615415119,0.917680094366329,-0.0496915210487899,"paired_descriptive_dimension_difference"
"mv09_dimension_delta_v1","internal124","layer_effect",20260805,"spearman",0.946357564111563,0.897897088137934,-0.048460475973629,"paired_descriptive_dimension_difference"
"mv09_dimension_delta_v1","internal124","layer_effect",20260805,"nonnegative_scale",1.00085880085689,1.1801619932354,0.17930319237851,"paired_descriptive_dimension_difference"
"mv09_dimension_delta_v1","internal124","layer_effect",20260805,"relative_stress",0.146754387089426,0.152129990141599,0.00537560305217299,"paired_descriptive_dimension_difference"
"mv09_dimension_delta_v1","internal124","layer_effect",20260805,"left_median_distance",1.02826616889684,0.0268523765861435,-1.0014137923107,"paired_descriptive_dimension_difference"
"mv09_dimension_delta_v1","internal124","layer_effect",20260805,"right_median_distance",1.11469655188785,0.0323439749050355,-1.08235257698281,"paired_descriptive_dimension_difference"
"mv09_dimension_delta_v1","internal124","layer_effect",20260805,"median_abs_median_scaled_change",0.153667129326108,0.107635952101635,-0.046031177224473,"paired_descriptive_dimension_difference"
"mv09_dimension_delta_v1","internal124","layer_effect",20260805,"p95_abs_median_scaled_change",0.481653143306578,0.352950188428184,-0.128702954878394,"paired_descriptive_dimension_difference"
"mv09_dimension_delta_v1","internal124","layer_effect",20260805,"mean_neighbor_jaccard",0.397750582972295,0.318012845926558,-0.079737737045737,"paired_descriptive_dimension_difference"
"mv09_dimension_delta_v1","internal124","layer_effect",20260805,"median_neighbor_jaccard",0.428571428571429,0.333333333333333,-0.095238095238096,"paired_descriptive_dimension_difference"
"mv09_dimension_delta_v1","internal124","layer_effect",20260805,"p10_neighbor_jaccard",0.176470588235294,0.130718954248366,-0.045751633986928,"paired_descriptive_dimension_difference"
"mv09_dimension_delta_v1","internal124","layer_effect",20260806,"pearson",0.967993386868695,0.912157095386829,-0.055836291481866,"paired_descriptive_dimension_difference"
"mv09_dimension_delta_v1","internal124","layer_effect",20260806,"spearman",0.946438444983456,0.893413323907739,-0.053025121075717,"paired_descriptive_dimension_difference"
"mv09_dimension_delta_v1","internal124","layer_effect",20260806,"nonnegative_scale",1.00677371837607,1.16958554036678,0.16281182199071,"paired_descriptive_dimension_difference"
"mv09_dimension_delta_v1","internal124","layer_effect",20260806,"relative_stress",0.146597096349064,0.159798704938849,0.013201608589785,"paired_descriptive_dimension_difference"
"mv09_dimension_delta_v1","internal124","layer_effect",20260806,"left_median_distance",1.01388653649772,0.0275126351768027,-0.986373901320917,"paired_descriptive_dimension_difference"
"mv09_dimension_delta_v1","internal124","layer_effect",20260806,"right_median_distance",1.12444920472567,0.0326639282923475,-1.09178527643332,"paired_descriptive_dimension_difference"
"mv09_dimension_delta_v1","internal124","layer_effect",20260806,"median_abs_median_scaled_change",0.164034396228959,0.116025985601392,-0.048008410627567,"paired_descriptive_dimension_difference"
"mv09_dimension_delta_v1","internal124","layer_effect",20260806,"p95_abs_median_scaled_change",0.50873864429342,0.362953104719119,-0.145785539574301,"paired_descriptive_dimension_difference"
"mv09_dimension_delta_v1","internal124","layer_effect",20260806,"mean_neighbor_jaccard",0.407783063973766,0.307414204635317,-0.100368859338449,"paired_descriptive_dimension_difference"
"mv09_dimension_delta_v1","internal124","layer_effect",20260806,"median_neighbor_jaccard",0.428571428571429,0.333333333333333,-0.095238095238096,"paired_descriptive_dimension_difference"
"mv09_dimension_delta_v1","internal124","layer_effect",20260806,"p10_neighbor_jaccard",0.176470588235294,0.111111111111111,-0.065359477124183,"paired_descriptive_dimension_difference"
"mv09_dimension_delta_v1","internal124","layer_effect",20260807,"pearson",0.969050908755887,0.903052811413041,-0.065998097342846,"paired_descriptive_dimension_difference"
"mv09_dimension_delta_v1","internal124","layer_effect",20260807,"spearman",0.945844202215999,0.879213004399276,-0.066631197816723,"paired_descriptive_dimension_difference"
"mv09_dimension_delta_v1","internal124","layer_effect",20260807,"nonnegative_scale",0.999543182981855,1.18501757673386,0.185474393752005,"paired_descriptive_dimension_difference"
"mv09_dimension_delta_v1","internal124","layer_effect",20260807,"relative_stress",0.143939423900061,0.164596960245578,0.020657536345517,"paired_descriptive_dimension_difference"
"mv09_dimension_delta_v1","internal124","layer_effect",20260807,"left_median_distance",1.04237609404409,0.0272059447057426,-1.01517014933835,"paired_descriptive_dimension_difference"
"mv09_dimension_delta_v1","internal124","layer_effect",20260807,"right_median_distance",1.12236140525223,0.032898908117936,-1.08946249713429,"paired_descriptive_dimension_difference"
"mv09_dimension_delta_v1","internal124","layer_effect",20260807,"median_abs_median_scaled_change",0.155929771892994,0.114840724733801,-0.041089047159193,"paired_descriptive_dimension_difference"
"mv09_dimension_delta_v1","internal124","layer_effect",20260807,"p95_abs_median_scaled_change",0.473580258284564,0.383747897645311,-0.089832360639253,"paired_descriptive_dimension_difference"
"mv09_dimension_delta_v1","internal124","layer_effect",20260807,"mean_neighbor_jaccard",0.395092754294542,0.283751727150309,-0.111341027144233,"paired_descriptive_dimension_difference"
"mv09_dimension_delta_v1","internal124","layer_effect",20260807,"median_neighbor_jaccard",0.428571428571429,0.25,-0.178571428571429,"paired_descriptive_dimension_difference"
"mv09_dimension_delta_v1","internal124","layer_effect",20260807,"p10_neighbor_jaccard",0.176470588235294,0.111111111111111,-0.065359477124183,"paired_descriptive_dimension_difference"
"mv09_dimension_delta_v1","internal124","layer_effect",20260808,"pearson",0.968656920387652,0.912402151798904,-0.056254768588748,"paired_descriptive_dimension_difference"
"mv09_dimension_delta_v1","internal124","layer_effect",20260808,"spearman",0.947729880000782,0.894717040035536,-0.053012839965246,"paired_descriptive_dimension_difference"
"mv09_dimension_delta_v1","internal124","layer_effect",20260808,"nonnegative_scale",1.01145968679526,1.18542682486121,0.17396713806595,"paired_descriptive_dimension_difference"
"mv09_dimension_delta_v1","internal124","layer_effect",20260808,"relative_stress",0.144803596338452,0.156200426071486,0.011396829733034,"paired_descriptive_dimension_difference"
"mv09_dimension_delta_v1","internal124","layer_effect",20260808,"left_median_distance",1.03751097952475,0.0273054720296919,-1.01020550749506,"paired_descriptive_dimension_difference"
"mv09_dimension_delta_v1","internal124","layer_effect",20260808,"right_median_distance",1.14517234904415,0.0331469722938972,-1.11202537675025,"paired_descriptive_dimension_difference"
"mv09_dimension_delta_v1","internal124","layer_effect",20260808,"median_abs_median_scaled_change",0.156997693207035,0.114520040171734,-0.042477653035301,"paired_descriptive_dimension_difference"
"mv09_dimension_delta_v1","internal124","layer_effect",20260808,"p95_abs_median_scaled_change",0.490630753096547,0.354850964139586,-0.135779788956961,"paired_descriptive_dimension_difference"
"mv09_dimension_delta_v1","internal124","layer_effect",20260808,"mean_neighbor_jaccard",0.419651703451514,0.305908176014538,-0.113743527436976,"paired_descriptive_dimension_difference"
"mv09_dimension_delta_v1","internal124","layer_effect",20260808,"median_neighbor_jaccard",0.428571428571429,0.333333333333333,-0.095238095238096,"paired_descriptive_dimension_difference"
"mv09_dimension_delta_v1","internal124","layer_effect",20260808,"p10_neighbor_jaccard",0.176470588235294,0.176470588235294,0,"paired_descriptive_dimension_difference"
"mv09_dimension_delta_v1","internal124","layer_effect",20260809,"pearson",0.968795640369168,0.904011344931125,-0.064784295438043,"paired_descriptive_dimension_difference"
"mv09_dimension_delta_v1","internal124","layer_effect",20260809,"spearman",0.946719466779621,0.883731168271916,-0.062988298507705,"paired_descriptive_dimension_difference"
"mv09_dimension_delta_v1","internal124","layer_effect",20260809,"nonnegative_scale",1.00596050007438,1.17774066139308,0.1717801613187,"paired_descriptive_dimension_difference"
"mv09_dimension_delta_v1","internal124","layer_effect",20260809,"relative_stress",0.144069332521592,0.166403444226717,0.022334111705125,"paired_descriptive_dimension_difference"
"mv09_dimension_delta_v1","internal124","layer_effect",20260809,"left_median_distance",1.0174216045978,0.0273588059659983,-0.990062798631802,"paired_descriptive_dimension_difference"
"mv09_dimension_delta_v1","internal124","layer_effect",20260809,"right_median_distance",1.12049883174266,0.0329266456147322,-1.08757218612793,"paired_descriptive_dimension_difference"
"mv09_dimension_delta_v1","internal124","layer_effect",20260809,"median_abs_median_scaled_change",0.156042790223242,0.113202439973125,-0.042840350250117,"paired_descriptive_dimension_difference"
"mv09_dimension_delta_v1","internal124","layer_effect",20260809,"p95_abs_median_scaled_change",0.490542173930126,0.388208653709157,-0.102333520220969,"paired_descriptive_dimension_difference"
"mv09_dimension_delta_v1","internal124","layer_effect",20260809,"mean_neighbor_jaccard",0.411224350097565,0.310378277165204,-0.100846072932361,"paired_descriptive_dimension_difference"
"mv09_dimension_delta_v1","internal124","layer_effect",20260809,"median_neighbor_jaccard",0.428571428571429,0.333333333333333,-0.095238095238096,"paired_descriptive_dimension_difference"
"mv09_dimension_delta_v1","internal124","layer_effect",20260809,"p10_neighbor_jaccard",0.176470588235294,0.111111111111111,-0.065359477124183,"paired_descriptive_dimension_difference"
"mv09_dimension_delta_v1","internal124","net_migration_effect",20260805,"pearson",0.967445680573205,0.920450705939692,-0.046994974633513,"paired_descriptive_dimension_difference"
"mv09_dimension_delta_v1","internal124","net_migration_effect",20260805,"spearman",0.947391645648486,0.902274243656708,-0.0451174019917779,"paired_descriptive_dimension_difference"
"mv09_dimension_delta_v1","internal124","net_migration_effect",20260805,"nonnegative_scale",1.00450178604585,1.16578806480482,0.16128627875897,"paired_descriptive_dimension_difference"
"mv09_dimension_delta_v1","internal124","net_migration_effect",20260805,"relative_stress",0.146434428457957,0.149562367943787,0.00312793948582998,"paired_descriptive_dimension_difference"
"mv09_dimension_delta_v1","internal124","net_migration_effect",20260805,"left_median_distance",1.02735207056916,0.0273525080161923,-0.999999562552968,"paired_descriptive_dimension_difference"
"mv09_dimension_delta_v1","internal124","net_migration_effect",20260805,"right_median_distance",1.11469655188785,0.0323439749050355,-1.08235257698281,"paired_descriptive_dimension_difference"
"mv09_dimension_delta_v1","internal124","net_migration_effect",20260805,"median_abs_median_scaled_change",0.151854167551291,0.108490873699651,-0.04336329385164,"paired_descriptive_dimension_difference"
"mv09_dimension_delta_v1","internal124","net_migration_effect",20260805,"p95_abs_median_scaled_change",0.472904251693934,0.341234522827126,-0.131669728866808,"paired_descriptive_dimension_difference"
"mv09_dimension_delta_v1","internal124","net_migration_effect",20260805,"mean_neighbor_jaccard",0.400902906308379,0.308093491392702,-0.092809414915677,"paired_descriptive_dimension_difference"
"mv09_dimension_delta_v1","internal124","net_migration_effect",20260805,"median_neighbor_jaccard",0.428571428571429,0.333333333333333,-0.095238095238096,"paired_descriptive_dimension_difference"
"mv09_dimension_delta_v1","internal124","net_migration_effect",20260805,"p10_neighbor_jaccard",0.176470588235294,0.111111111111111,-0.065359477124183,"paired_descriptive_dimension_difference"
"mv09_dimension_delta_v1","internal124","net_migration_effect",20260806,"pearson",0.968317008848816,0.916081956028376,-0.0522350528204399,"paired_descriptive_dimension_difference"
"mv09_dimension_delta_v1","internal124","net_migration_effect",20260806,"spearman",0.947602585435456,0.898221455149251,-0.0493811302862049,"paired_descriptive_dimension_difference"
"mv09_dimension_delta_v1","internal124","net_migration_effect",20260806,"nonnegative_scale",1.01323879825547,1.16690093589866,0.15366213764319,"paired_descriptive_dimension_difference"
"mv09_dimension_delta_v1","internal124","net_migration_effect",20260806,"relative_stress",0.145555960588844,0.156193494624387,0.010637534035543,"paired_descriptive_dimension_difference"
"mv09_dimension_delta_v1","internal124","net_migration_effect",20260806,"left_median_distance",1.01472840440442,0.0276855106426879,-0.987042893761732,"paired_descriptive_dimension_difference"
"mv09_dimension_delta_v1","internal124","net_migration_effect",20260806,"right_median_distance",1.12444920472567,0.0326639282923475,-1.09178527643332,"paired_descriptive_dimension_difference"
"mv09_dimension_delta_v1","internal124","net_migration_effect",20260806,"median_abs_median_scaled_change",0.156988123763673,0.112983174456761,-0.044004949306912,"paired_descriptive_dimension_difference"
"mv09_dimension_delta_v1","internal124","net_migration_effect",20260806,"p95_abs_median_scaled_change",0.492668470065778,0.355235285504352,-0.137433184561426,"paired_descriptive_dimension_difference"
"mv09_dimension_delta_v1","internal124","net_migration_effect",20260806,"mean_neighbor_jaccard",0.411947266311593,0.315699785638865,-0.096247480672728,"paired_descriptive_dimension_difference"
"mv09_dimension_delta_v1","internal124","net_migration_effect",20260806,"median_neighbor_jaccard",0.428571428571429,0.333333333333333,-0.095238095238096,"paired_descriptive_dimension_difference"
"mv09_dimension_delta_v1","internal124","net_migration_effect",20260806,"p10_neighbor_jaccard",0.176470588235294,0.111111111111111,-0.065359477124183,"paired_descriptive_dimension_difference"
"mv09_dimension_delta_v1","internal124","net_migration_effect",20260807,"pearson",0.969452868959548,0.906657882678609,-0.0627949862809389,"paired_descriptive_dimension_difference"
"mv09_dimension_delta_v1","internal124","net_migration_effect",20260807,"spearman",0.946760291029018,0.88399297634237,-0.0627673146866481,"paired_descriptive_dimension_difference"
"mv09_dimension_delta_v1","internal124","net_migration_effect",20260807,"nonnegative_scale",1.00470384632187,1.1767800241865,0.17207617786463,"paired_descriptive_dimension_difference"
"mv09_dimension_delta_v1","internal124","net_migration_effect",20260807,"relative_stress",0.142618875130192,0.161187615077334,0.018568739947142,"paired_descriptive_dimension_difference"
"mv09_dimension_delta_v1","internal124","net_migration_effect",20260807,"left_median_distance",1.0387078636052,0.0274852257996223,-1.01122263780558,"paired_descriptive_dimension_difference"
"mv09_dimension_delta_v1","internal124","net_migration_effect",20260807,"right_median_distance",1.12236140525223,0.032898908117936,-1.08946249713429,"paired_descriptive_dimension_difference"
"mv09_dimension_delta_v1","internal124","net_migration_effect",20260807,"median_abs_median_scaled_change",0.157001741375463,0.113041512577058,-0.043960228798405,"paired_descriptive_dimension_difference"
"mv09_dimension_delta_v1","internal124","net_migration_effect",20260807,"p95_abs_median_scaled_change",0.461452519167213,0.372338953416359,-0.0891135657508541,"paired_descriptive_dimension_difference"
"mv09_dimension_delta_v1","internal124","net_migration_effect",20260807,"mean_neighbor_jaccard",0.403321865252605,0.301671383783388,-0.101650481469217,"paired_descriptive_dimension_difference"
"mv09_dimension_delta_v1","internal124","net_migration_effect",20260807,"median_neighbor_jaccard",0.428571428571429,0.333333333333333,-0.095238095238096,"paired_descriptive_dimension_difference"
"mv09_dimension_delta_v1","internal124","net_migration_effect",20260807,"p10_neighbor_jaccard",0.176470588235294,0.111111111111111,-0.065359477124183,"paired_descriptive_dimension_difference"
"mv09_dimension_delta_v1","internal124","net_migration_effect",20260808,"pearson",0.969033056982176,0.913381962710767,-0.055651094271409,"paired_descriptive_dimension_difference"
"mv09_dimension_delta_v1","internal124","net_migration_effect",20260808,"spearman",0.948319091253943,0.896081048453748,-0.052238042800195,"paired_descriptive_dimension_difference"
"mv09_dimension_delta_v1","internal124","net_migration_effect",20260808,"nonnegative_scale",1.01445288913488,1.17550000958044,0.16104712044556,"paired_descriptive_dimension_difference"
"mv09_dimension_delta_v1","internal124","net_migration_effect",20260808,"relative_stress",0.143497344917082,0.155472202664593,0.011974857747511,"paired_descriptive_dimension_difference"
"mv09_dimension_delta_v1","internal124","net_migration_effect",20260808,"left_median_distance",1.04114569111203,0.0276659342457,-1.01347975686633,"paired_descriptive_dimension_difference"
"mv09_dimension_delta_v1","internal124","net_migration_effect",20260808,"right_median_distance",1.14517234904415,0.0331469722938972,-1.11202537675025,"paired_descriptive_dimension_difference"
"mv09_dimension_delta_v1","internal124","net_migration_effect",20260808,"median_abs_median_scaled_change",0.155187065166694,0.113494927124161,-0.041692138042533,"paired_descriptive_dimension_difference"
"mv09_dimension_delta_v1","internal124","net_migration_effect",20260808,"p95_abs_median_scaled_change",0.47191050515644,0.354393542595185,-0.117516962561255,"paired_descriptive_dimension_difference"
"mv09_dimension_delta_v1","internal124","net_migration_effect",20260808,"mean_neighbor_jaccard",0.418828436923663,0.313514046929357,-0.105314389994306,"paired_descriptive_dimension_difference"
"mv09_dimension_delta_v1","internal124","net_migration_effect",20260808,"median_neighbor_jaccard",0.428571428571429,0.333333333333333,-0.095238095238096,"paired_descriptive_dimension_difference"
"mv09_dimension_delta_v1","internal124","net_migration_effect",20260808,"p10_neighbor_jaccard",0.176470588235294,0.111111111111111,-0.065359477124183,"paired_descriptive_dimension_difference"
"mv09_dimension_delta_v1","internal124","net_migration_effect",20260809,"pearson",0.96967009016846,0.903451722618002,-0.066218367550458,"paired_descriptive_dimension_difference"
"mv09_dimension_delta_v1","internal124","net_migration_effect",20260809,"spearman",0.948238562294475,0.88371925482145,-0.064519307473025,"paired_descriptive_dimension_difference"
"mv09_dimension_delta_v1","internal124","net_migration_effect",20260809,"nonnegative_scale",1.01219226029608,1.16594338985615,0.15375112956007,"paired_descriptive_dimension_difference"
"mv09_dimension_delta_v1","internal124","net_migration_effect",20260809,"relative_stress",0.1416778081989,0.166825482144897,0.025147673945997,"paired_descriptive_dimension_difference"
"mv09_dimension_delta_v1","internal124","net_migration_effect",20260809,"left_median_distance",1.01349644468529,0.0277310665727456,-0.985765378112544,"paired_descriptive_dimension_difference"
"mv09_dimension_delta_v1","internal124","net_migration_effect",20260809,"right_median_distance",1.12049883174266,0.0329266456147322,-1.08757218612793,"paired_descriptive_dimension_difference"
"mv09_dimension_delta_v1","internal124","net_migration_effect",20260809,"median_abs_median_scaled_change",0.154718248999223,0.114182357090744,-0.040535891908479,"paired_descriptive_dimension_difference"
"mv09_dimension_delta_v1","internal124","net_migration_effect",20260809,"p95_abs_median_scaled_change",0.480185825455952,0.394891427612642,-0.08529439784331,"paired_descriptive_dimension_difference"
"mv09_dimension_delta_v1","internal124","net_migration_effect",20260809,"mean_neighbor_jaccard",0.414201146124646,0.307836023486927,-0.106365122637719,"paired_descriptive_dimension_difference"
"mv09_dimension_delta_v1","internal124","net_migration_effect",20260809,"median_neighbor_jaccard",0.428571428571429,0.333333333333333,-0.095238095238096,"paired_descriptive_dimension_difference"
"mv09_dimension_delta_v1","internal124","net_migration_effect",20260809,"p10_neighbor_jaccard",0.198529411764706,0.111111111111111,-0.087418300653595,"paired_descriptive_dimension_difference"
