"contract_id","dataset_scope","contrast_id","homology_dimension","metric","seeds","minimum","q25","median","q75","maximum","inference"
"mv09_internal_seed_summary_v1","internal124","fit_scope_effect","H0","left_median_distance",5,1.01349644468529,1.01472840440442,1.02735207056916,1.0387078636052,1.04114569111203,"none_descriptive_only"
"mv09_internal_seed_summary_v1","internal124","fit_scope_effect","H0","mean_neighbor_jaccard",5,0.898582600195503,0.901515151515151,0.901759530791789,0.908056996766674,0.916854650725618,"none_descriptive_only"
"mv09_internal_seed_summary_v1","internal124","fit_scope_effect","H0","median_abs_median_scaled_change",5,0.0127298380153049,0.013252656608543,0.0136277124679226,0.0139585051539264,0.014295182536638,"none_descriptive_only"
"mv09_internal_seed_summary_v1","internal124","fit_scope_effect","H0","median_neighbor_jaccard",5,0.818181818181818,0.909090909090909,1,1,1,"none_descriptive_only"
"mv09_internal_seed_summary_v1","internal124","fit_scope_effect","H0","nonnegative_scale",5,1.00265479668395,1.00341426282813,1.00486323616865,1.00571712748706,1.00615015193493,"none_descriptive_only"
"mv09_internal_seed_summary_v1","internal124","fit_scope_effect","H0","p10_neighbor_jaccard",5,0.818181818181818,0.818181818181818,0.818181818181818,0.818181818181818,0.818181818181818,"none_descriptive_only"
"mv09_internal_seed_summary_v1","internal124","fit_scope_effect","H0","p95_abs_median_scaled_change",5,0.0474089541315475,0.0519350407336084,0.0558572402447046,0.0582484558937617,0.0597301195291004,"none_descriptive_only"
"mv09_internal_seed_summary_v1","internal124","fit_scope_effect","H0","pearson",5,0.99947177389428,0.999629975267561,0.999665261815912,0.999675058937017,0.999693999374131,"none_descriptive_only"
"mv09_internal_seed_summary_v1","internal124","fit_scope_effect","H0","relative_stress",5,0.0144987236211457,0.0149221872355243,0.0151208345724683,0.0158781541774971,0.0188062767191418,"none_descriptive_only"
"mv09_internal_seed_summary_v1","internal124","fit_scope_effect","H0","right_median_distance",5,1.01388653649772,1.0174216045978,1.02826616889684,1.03751097952475,1.04237609404409,"none_descriptive_only"
"mv09_internal_seed_summary_v1","internal124","fit_scope_effect","H0","spearman",5,0.999263104636464,0.99940000987978,0.999442180466132,0.999449033612911,0.999481012592489,"none_descriptive_only"
"mv09_internal_seed_summary_v1","internal124","fit_scope_effect","H1","left_median_distance",5,0.0273525080161923,0.0274852257996223,0.0276659342457,0.0276855106426879,0.0277310665727456,"none_descriptive_only"
"mv09_internal_seed_summary_v1","internal124","fit_scope_effect","H1","mean_neighbor_jaccard",5,0.743307767501316,0.756498877466619,0.758526419816742,0.781353055546604,0.80656171785204,"none_descriptive_only"
"mv09_internal_seed_summary_v1","internal124","fit_scope_effect","H1","median_abs_median_scaled_change",5,0.0211808760472602,0.021785335246794,0.0229163918230398,0.0231806789591575,0.0234031318414549,"none_descriptive_only"
"mv09_internal_seed_summary_v1","internal124","fit_scope_effect","H1","median_neighbor_jaccard",5,0.742424242424242,0.818181818181818,0.818181818181818,0.818181818181818,0.818181818181818,"none_descriptive_only"
"mv09_internal_seed_summary_v1","internal124","fit_scope_effect","H1","nonnegative_scale",5,0.986956055355141,0.989633229546797,0.990962936325377,0.992055957616088,0.99655622097503,"none_descriptive_only"
"mv09_internal_seed_summary_v1","internal124","fit_scope_effect","H1","p10_neighbor_jaccard",5,0.538461538461538,0.538461538461538,0.538461538461538,0.666666666666667,0.666666666666667,"none_descriptive_only"
"mv09_internal_seed_summary_v1","internal124","fit_scope_effect","H1","p95_abs_median_scaled_change",5,0.0664182884320919,0.0682933618483466,0.0725808640697825,0.0783714454720101,0.0791764624583815,"none_descriptive_only"
"mv09_internal_seed_summary_v1","internal124","fit_scope_effect","H1","pearson",5,0.996129701623962,0.996202403527001,0.996667552333693,0.996992570605752,0.9971345996821,"none_descriptive_only"
"mv09_internal_seed_summary_v1","internal124","fit_scope_effect","H1","relative_stress",5,0.02917706215199,0.0293050511751388,0.0309450104841038,0.0332334137890849,0.033681480962097,"none_descriptive_only"
"mv09_internal_seed_summary_v1","internal124","fit_scope_effect","H1","right_median_distance",5,0.0268523765861435,0.0272059447057426,0.0273054720296919,0.0273588059659983,0.0275126351768027,"none_descriptive_only"
"mv09_internal_seed_summary_v1","internal124","fit_scope_effect","H1","spearman",5,0.995170086418416,0.995292791105198,0.995892532971036,0.99640156298321,0.996485482596973,"none_descriptive_only"
"mv09_internal_seed_summary_v1","internal124","layer_effect","H0","left_median_distance",5,1.01388653649772,1.0174216045978,1.02826616889684,1.03751097952475,1.04237609404409,"none_descriptive_only"
"mv09_internal_seed_summary_v1","internal124","layer_effect","H0","mean_neighbor_jaccard",5,0.395092754294542,0.397750582972295,0.407783063973766,0.411224350097565,0.419651703451514,"none_descriptive_only"
"mv09_internal_seed_summary_v1","internal124","layer_effect","H0","median_abs_median_scaled_change",5,0.153667129326108,0.155929771892994,0.156042790223242,0.156997693207035,0.164034396228959,"none_descriptive_only"
"mv09_internal_seed_summary_v1","internal124","layer_effect","H0","median_neighbor_jaccard",5,0.428571428571429,0.428571428571429,0.428571428571429,0.428571428571429,0.428571428571429,"none_descriptive_only"
"mv09_internal_seed_summary_v1","internal124","layer_effect","H0","nonnegative_scale",5,0.999543182981855,1.00085880085689,1.00596050007438,1.00677371837607,1.01145968679526,"none_descriptive_only"
"mv09_internal_seed_summary_v1","internal124","layer_effect","H0","p10_neighbor_jaccard",5,0.176470588235294,0.176470588235294,0.176470588235294,0.176470588235294,0.176470588235294,"none_descriptive_only"
"mv09_internal_seed_summary_v1","internal124","layer_effect","H0","p95_abs_median_scaled_change",5,0.473580258284564,0.481653143306578,0.490542173930126,0.490630753096547,0.50873864429342,"none_descriptive_only"
"mv09_internal_seed_summary_v1","internal124","layer_effect","H0","pearson",5,0.967371615415119,0.967993386868695,0.968656920387652,0.968795640369168,0.969050908755887,"none_descriptive_only"
"mv09_internal_seed_summary_v1","internal124","layer_effect","H0","relative_stress",5,0.143939423900061,0.144069332521592,0.144803596338452,0.146597096349064,0.146754387089426,"none_descriptive_only"
"mv09_internal_seed_summary_v1","internal124","layer_effect","H0","right_median_distance",5,1.11469655188785,1.12049883174266,1.12236140525223,1.12444920472567,1.14517234904415,"none_descriptive_only"
"mv09_internal_seed_summary_v1","internal124","layer_effect","H0","spearman",5,0.945844202215999,0.946357564111563,0.946438444983456,0.946719466779621,0.947729880000782,"none_descriptive_only"
"mv09_internal_seed_summary_v1","internal124","layer_effect","H1","left_median_distance",5,0.0268523765861435,0.0272059447057426,0.0273054720296919,0.0273588059659983,0.0275126351768027,"none_descriptive_only"
"mv09_internal_seed_summary_v1","internal124","layer_effect","H1","mean_neighbor_jaccard",5,0.283751727150309,0.305908176014538,0.307414204635317,0.310378277165204,0.318012845926558,"none_descriptive_only"
"mv09_internal_seed_summary_v1","internal124","layer_effect","H1","median_abs_median_scaled_change",5,0.107635952101635,0.113202439973125,0.114520040171734,0.114840724733801,0.116025985601392,"none_descriptive_only"
"mv09_internal_seed_summary_v1","internal124","layer_effect","H1","median_neighbor_jaccard",5,0.25,0.333333333333333,0.333333333333333,0.333333333333333,0.333333333333333,"none_descriptive_only"
"mv09_internal_seed_summary_v1","internal124","layer_effect","H1","nonnegative_scale",5,1.16958554036678,1.17774066139308,1.1801619932354,1.18501757673386,1.18542682486121,"none_descriptive_only"
"mv09_internal_seed_summary_v1","internal124","layer_effect","H1","p10_neighbor_jaccard",5,0.111111111111111,0.111111111111111,0.111111111111111,0.130718954248366,0.176470588235294,"none_descriptive_only"
"mv09_internal_seed_summary_v1","internal124","layer_effect","H1","p95_abs_median_scaled_change",5,0.352950188428184,0.354850964139586,0.362953104719119,0.383747897645311,0.388208653709157,"none_descriptive_only"
"mv09_internal_seed_summary_v1","internal124","layer_effect","H1","pearson",5,0.903052811413041,0.904011344931125,0.912157095386829,0.912402151798904,0.917680094366329,"none_descriptive_only"
"mv09_internal_seed_summary_v1","internal124","layer_effect","H1","relative_stress",5,0.152129990141599,0.156200426071486,0.159798704938849,0.164596960245578,0.166403444226717,"none_descriptive_only"
"mv09_internal_seed_summary_v1","internal124","layer_effect","H1","right_median_distance",5,0.0323439749050355,0.0326639282923475,0.032898908117936,0.0329266456147322,0.0331469722938972,"none_descriptive_only"
"mv09_internal_seed_summary_v1","internal124","layer_effect","H1","spearman",5,0.879213004399276,0.883731168271916,0.893413323907739,0.894717040035536,0.897897088137934,"none_descriptive_only"
"mv09_internal_seed_summary_v1","internal124","net_migration_effect","H0","left_median_distance",5,1.01349644468529,1.01472840440442,1.02735207056916,1.0387078636052,1.04114569111203,"none_descriptive_only"
"mv09_internal_seed_summary_v1","internal124","net_migration_effect","H0","mean_neighbor_jaccard",5,0.400902906308379,0.403321865252605,0.411947266311593,0.414201146124646,0.418828436923663,"none_descriptive_only"
"mv09_internal_seed_summary_v1","internal124","net_migration_effect","H0","median_abs_median_scaled_change",5,0.151854167551291,0.154718248999223,0.155187065166694,0.156988123763673,0.157001741375463,"none_descriptive_only"
"mv09_internal_seed_summary_v1","internal124","net_migration_effect","H0","median_neighbor_jaccard",5,0.428571428571429,0.428571428571429,0.428571428571429,0.428571428571429,0.428571428571429,"none_descriptive_only"
"mv09_internal_seed_summary_v1","internal124","net_migration_effect","H0","nonnegative_scale",5,1.00450178604585,1.00470384632187,1.01219226029608,1.01323879825547,1.01445288913488,"none_descriptive_only"
"mv09_internal_seed_summary_v1","internal124","net_migration_effect","H0","p10_neighbor_jaccard",5,0.176470588235294,0.176470588235294,0.176470588235294,0.176470588235294,0.198529411764706,"none_descriptive_only"
"mv09_internal_seed_summary_v1","internal124","net_migration_effect","H0","p95_abs_median_scaled_change",5,0.461452519167213,0.47191050515644,0.472904251693934,0.480185825455952,0.492668470065778,"none_descriptive_only"
"mv09_internal_seed_summary_v1","internal124","net_migration_effect","H0","pearson",5,0.967445680573205,0.968317008848816,0.969033056982176,0.969452868959548,0.96967009016846,"none_descriptive_only"
"mv09_internal_seed_summary_v1","internal124","net_migration_effect","H0","relative_stress",5,0.1416778081989,0.142618875130192,0.143497344917082,0.145555960588844,0.146434428457957,"none_descriptive_only"
"mv09_internal_seed_summary_v1","internal124","net_migration_effect","H0","right_median_distance",5,1.11469655188785,1.12049883174266,1.12236140525223,1.12444920472567,1.14517234904415,"none_descriptive_only"
"mv09_internal_seed_summary_v1","internal124","net_migration_effect","H0","spearman",5,0.946760291029018,0.947391645648486,0.947602585435456,0.948238562294475,0.948319091253943,"none_descriptive_only"
"mv09_internal_seed_summary_v1","internal124","net_migration_effect","H1","left_median_distance",5,0.0273525080161923,0.0274852257996223,0.0276659342457,0.0276855106426879,0.0277310665727456,"none_descriptive_only"
"mv09_internal_seed_summary_v1","internal124","net_migration_effect","H1","mean_neighbor_jaccard",5,0.301671383783388,0.307836023486927,0.308093491392702,0.313514046929357,0.315699785638865,"none_descriptive_only"
"mv09_internal_seed_summary_v1","internal124","net_migration_effect","H1","median_abs_median_scaled_change",5,0.108490873699651,0.112983174456761,0.113041512577058,0.113494927124161,0.114182357090744,"none_descriptive_only"
"mv09_internal_seed_summary_v1","internal124","net_migration_effect","H1","median_neighbor_jaccard",5,0.333333333333333,0.333333333333333,0.333333333333333,0.333333333333333,0.333333333333333,"none_descriptive_only"
"mv09_internal_seed_summary_v1","internal124","net_migration_effect","H1","nonnegative_scale",5,1.16578806480482,1.16594338985615,1.16690093589866,1.17550000958044,1.1767800241865,"none_descriptive_only"
"mv09_internal_seed_summary_v1","internal124","net_migration_effect","H1","p10_neighbor_jaccard",5,0.111111111111111,0.111111111111111,0.111111111111111,0.111111111111111,0.111111111111111,"none_descriptive_only"
"mv09_internal_seed_summary_v1","internal124","net_migration_effect","H1","p95_abs_median_scaled_change",5,0.341234522827126,0.354393542595185,0.355235285504352,0.372338953416359,0.394891427612642,"none_descriptive_only"
"mv09_internal_seed_summary_v1","internal124","net_migration_effect","H1","pearson",5,0.903451722618002,0.906657882678609,0.913381962710767,0.916081956028376,0.920450705939692,"none_descriptive_only"
"mv09_internal_seed_summary_v1","internal124","net_migration_effect","H1","relative_stress",5,0.149562367943787,0.155472202664593,0.156193494624387,0.161187615077334,0.166825482144897,"none_descriptive_only"
"mv09_internal_seed_summary_v1","internal124","net_migration_effect","H1","right_median_distance",5,0.0323439749050355,0.0326639282923475,0.032898908117936,0.0329266456147322,0.0331469722938972,"none_descriptive_only"
"mv09_internal_seed_summary_v1","internal124","net_migration_effect","H1","spearman",5,0.88371925482145,0.88399297634237,0.896081048453748,0.898221455149251,0.902274243656708,"none_descriptive_only"
