"contract_id","sample_id","source_features","normalized_unique_features","panel_features","panel_features_present","missing_features","missing_feature_ids","expression_values_used","expression_values_exported","topology_read","biological_labels_read","source_basename","source_bytes","source_sha256"
"mv07e_added_sample_panel_availability_v1","SRA701877_SRS3279684",27466,27466,500,500,0,"",FALSE,FALSE,FALSE,FALSE,"SRA701877_SRS3279684.sparse.RData",9516144,"6af3c5cf3c224d0dddfddd0e2cad7cdf2967962e6f6f4653573d57a340e7ee49"
"mv07e_added_sample_panel_availability_v1","SRA701877_SRS3279685",24481,24481,500,500,0,"",FALSE,FALSE,FALSE,FALSE,"SRA701877_SRS3279685.sparse.RData",4968069,"b0a7fbf10172880ff6dc1761317601c6fd4c74e89a4b7959b1edbf63a485c8ba"
"mv07e_added_sample_panel_availability_v1","SRA701877_SRS3279686",28260,28260,500,500,0,"",FALSE,FALSE,FALSE,FALSE,"SRA701877_SRS3279686.sparse.RData",9693971,"ea80b614b0c05995afe72b24de28f738d1a480f3f5e3f07519d5ca4c59ba3fd8"
"mv07e_added_sample_panel_availability_v1","SRA701877_SRS3279687",29148,29148,500,500,0,"",FALSE,FALSE,FALSE,FALSE,"SRA701877_SRS3279687.sparse.RData",13553574,"8c9790e1b72b3429c8bdebfe5662ea0818f8176c6dda7148196131f4bd5b278e"
"mv07e_added_sample_panel_availability_v1","SRA701877_SRS3279688",21630,21630,500,499,1,"KLF2-ENSG00000127528.5",FALSE,FALSE,FALSE,FALSE,"SRA701877_SRS3279688.sparse.RData",1920989,"5045af8161f39787b4f0c90f0de8fd9930f545d35a19976353339e55df6274bd"
"mv07e_added_sample_panel_availability_v1","SRA701877_SRS3279689",28086,28086,500,500,0,"",FALSE,FALSE,FALSE,FALSE,"SRA701877_SRS3279689.sparse.RData",7373169,"1d64331a10c5b858c986b430014f9ed9ddec7771ba7dae38ccfc2f6f4a4b7e85"
"mv07e_added_sample_panel_availability_v1","SRA701877_SRS3279690",29902,29902,500,500,0,"",FALSE,FALSE,FALSE,FALSE,"SRA701877_SRS3279690.sparse.RData",13308452,"a20f4b7716c832fb4339bbec918996742f5eb537a7150217712d273f40c2a448"
"mv07e_added_sample_panel_availability_v1","SRA701877_SRS3279691",28858,28858,500,500,0,"",FALSE,FALSE,FALSE,FALSE,"SRA701877_SRS3279691.sparse.RData",9404402,"2c781a7679a3ba20b003279ce348d3003c7613a4407123ebc3caaddd5399e89a"
"mv07e_added_sample_panel_availability_v1","SRA701877_SRS3279692",31725,31725,500,500,0,"",FALSE,FALSE,FALSE,FALSE,"SRA701877_SRS3279692.sparse.RData",16725165,"adf35ce267dc5bd12b30ce57bf4b3c369e44478752df3ffd987c68c95f7bba45"
"mv07e_added_sample_panel_availability_v1","SRA701877_SRS3279693",28800,28800,500,500,0,"",FALSE,FALSE,FALSE,FALSE,"SRA701877_SRS3279693.sparse.RData",17881954,"9a3fdf82a5d04c2ab781277c74e3ba8098cab797fd8b011aa5c42d8bb620683b"
"mv07e_added_sample_panel_availability_v1","SRA701877_SRS3279694",26765,26765,500,500,0,"",FALSE,FALSE,FALSE,FALSE,"SRA701877_SRS3279694.sparse.RData",8526668,"637cd420d04870013c65f6bf5a036dcac7d2849654ba6e9c26f165fb1121479b"
"mv07e_added_sample_panel_availability_v1","SRA701877_SRS3279695",29884,29884,500,500,0,"",FALSE,FALSE,FALSE,FALSE,"SRA701877_SRS3279695.sparse.RData",22354522,"48332e45c9a09c9654412dede81c47cf07bb2f055ac440b1df2353f2acd4577a"
"mv07e_added_sample_panel_availability_v1","SRA742961_SRS3565195",30255,30255,500,500,0,"",FALSE,FALSE,FALSE,FALSE,"SRA742961_SRS3565195.sparse.RData",17959762,"135ffa453f213178401c002d4bd1ea5cc495ac7a24974cd06b74a78a460fabc4"
"mv07e_added_sample_panel_availability_v1","SRA742961_SRS3565196",30594,30594,500,500,0,"",FALSE,FALSE,FALSE,FALSE,"SRA742961_SRS3565196.sparse.RData",25046217,"d64209dff9a466447a914952344a72ae3c1bf98e46a021105d78aa0c63a8322b"
"mv07e_added_sample_panel_availability_v1","SRA742961_SRS3565197",31260,31260,500,500,0,"",FALSE,FALSE,FALSE,FALSE,"SRA742961_SRS3565197.sparse.RData",32478405,"eca9bb2d4dbc25c3fc694ba82f9a2abd2464fa62817e5ccd9d098a806ebf69a3"
"mv07e_added_sample_panel_availability_v1","SRA742961_SRS3565198",31155,31155,500,500,0,"",FALSE,FALSE,FALSE,FALSE,"SRA742961_SRS3565198.sparse.RData",21214613,"a2f2f4a5c1ee4bd491c72245ef798f958282bca811bf6cfc4f5476a69af56907"
"mv07e_added_sample_panel_availability_v1","SRA742961_SRS3565199",32059,32059,500,500,0,"",FALSE,FALSE,FALSE,FALSE,"SRA742961_SRS3565199.sparse.RData",23890241,"6307e34cbbdcce2b9c5e4557f2ee8f942df7d6a84d55d1204c5755f9acb90b5c"
"mv07e_added_sample_panel_availability_v1","SRA742961_SRS3565201",30468,30468,500,500,0,"",FALSE,FALSE,FALSE,FALSE,"SRA742961_SRS3565201.sparse.RData",21352763,"582cdf16c12480a914afdb1bf06e288e3c279c8c74a4409d9005ebaa842fec3a"
"mv07e_added_sample_panel_availability_v1","SRA742961_SRS3565202",31588,31588,500,500,0,"",FALSE,FALSE,FALSE,FALSE,"SRA742961_SRS3565202.sparse.RData",19969325,"b536df58bcf631e55fd8b75c7e2769f158e0c23b2db3ae6af1cfd02710be1720"
"mv07e_added_sample_panel_availability_v1","SRA742961_SRS3565203",30188,30188,500,500,0,"",FALSE,FALSE,FALSE,FALSE,"SRA742961_SRS3565203.sparse.RData",23280526,"4dc5ffac3eaaf4d8a8c538b19441b2510584a66ac2226f6dad02ad81ce37ba32"
"mv07e_added_sample_panel_availability_v1","SRA742961_SRS3565204",32145,32145,500,500,0,"",FALSE,FALSE,FALSE,FALSE,"SRA742961_SRS3565204.sparse.RData",18133745,"6eccd5a92c374336f2e8586ac5b989175f148316146b4431f5c8e96977c61ac1"
"mv07e_added_sample_panel_availability_v1","SRA742961_SRS3565205",29430,29430,500,500,0,"",FALSE,FALSE,FALSE,FALSE,"SRA742961_SRS3565205.sparse.RData",16389289,"8d27773725c8da2ddb70698c4faf2b95ab2fc6ce021d8bc3442796b4f8fa82fe"
"mv07e_added_sample_panel_availability_v1","SRA742961_SRS3565206",30088,30088,500,500,0,"",FALSE,FALSE,FALSE,FALSE,"SRA742961_SRS3565206.sparse.RData",16378659,"471f744c868d514c57ea2446adadc88d177d52cd2807c1d6ff563c0cdf11d399"
"mv07e_added_sample_panel_availability_v1","SRA742961_SRS3565207",31972,31972,500,500,0,"",FALSE,FALSE,FALSE,FALSE,"SRA742961_SRS3565207.sparse.RData",22033478,"0d34b942a59b8d328a3c118a2b855aca5e897deb764670b425c9993f95cba77e"
"mv07e_added_sample_panel_availability_v1","SRA742961_SRS3565208",32033,32033,500,500,0,"",FALSE,FALSE,FALSE,FALSE,"SRA742961_SRS3565208.sparse.RData",19945491,"d3118330498c580478892438b986761ea644758f9595134c10a2c22c0faf4a6b"
"mv07e_added_sample_panel_availability_v1","SRA742961_SRS3565209",31536,31536,500,500,0,"",FALSE,FALSE,FALSE,FALSE,"SRA742961_SRS3565209.sparse.RData",20404913,"1b22f776ca0b31302aa370f16988d834f5ac3b10839903a80b2e2ac0da91700c"
"mv07e_added_sample_panel_availability_v1","SRA742961_SRS3565210",31437,31437,500,500,0,"",FALSE,FALSE,FALSE,FALSE,"SRA742961_SRS3565210.sparse.RData",22666584,"5cd841c575b24ab292d760e2d0ceb0a482e878d7050d24a07f1b12f560f87abe"
"mv07e_added_sample_panel_availability_v1","SRA742961_SRS3565211",30783,30783,500,500,0,"",FALSE,FALSE,FALSE,FALSE,"SRA742961_SRS3565211.sparse.RData",22818551,"162c55740c32f7d64571a9afef2e52a55182dacb9152c50ee64abd7c4215e34e"
"mv07e_added_sample_panel_availability_v1","SRA850958_SRS4386101",32340,32340,500,500,0,"",FALSE,FALSE,FALSE,FALSE,"SRA850958_SRS4386101.sparse.RData",11828756,"9479c80694b73551dd40cb5e1ce4c214a534a2d21e1320e594c05638028c6b40"
"mv07e_added_sample_panel_availability_v1","SRA850958_SRS4386109",37208,37208,500,500,0,"",FALSE,FALSE,FALSE,FALSE,"SRA850958_SRS4386109.sparse.RData",16179994,"abecbd82ca99cde9c7cf942109c0e716416818ece53df7a25dda11cd778c962a"
"mv07e_added_sample_panel_availability_v1","SRA850958_SRS4386110",36161,36161,500,500,0,"",FALSE,FALSE,FALSE,FALSE,"SRA850958_SRS4386110.sparse.RData",13472856,"80adce25135b93bd71551fbb3e3c2a3df42cdb34771ccbbb1412a6ddfe79f24a"
"mv07e_added_sample_panel_availability_v1","SRA850958_SRS4386111",35658,35658,500,500,0,"",FALSE,FALSE,FALSE,FALSE,"SRA850958_SRS4386111.sparse.RData",20052872,"e815ffae23d7cf605847dabf9cbea98d45c1cb901b055ea42dfb33039d8b33f0"
"mv07e_added_sample_panel_availability_v1","SRA850958_SRS4386112",35821,35821,500,500,0,"",FALSE,FALSE,FALSE,FALSE,"SRA850958_SRS4386112.sparse.RData",19239142,"ef36d0295d3693092708a6439b56429dc062de5a49bbf3fc5a9c580b6ee0bb76"
"mv07e_added_sample_panel_availability_v1","SRA850958_SRS4386113",35470,35470,500,500,0,"",FALSE,FALSE,FALSE,FALSE,"SRA850958_SRS4386113.sparse.RData",17679597,"dba079eea966720e1a2825c0674e1cf28c10f249bc0c56f7e6615e861eb5268e"
