"contract_id","job_order","unit_id","dataset_scope","source_tier","fit_cells","disposition","exit_status","elapsed_seconds","peak_rss_bytes","elapsed_cap_seconds","rss_cap_bytes","cache_bytes","cache_sha256","worker_audit_sha256","stderr_bytes","stderr_class","worker_rows","all_required_geometry_valid","persistence_computed","landscapes_computed","clustering_computed","fusion_computed","outcome_label_state","biological_outcomes_computed","execution_source","attempt_number"
"mv08p_source_production_resource_v1",1,"SRA728025_SRS3454423","internal124","primary90",421,"completed",0,109.517860889435,937426944,1800,12884901888,15641386,"abc74c57c8050573576121ce43f3598be45a4eb5bb0b0441e5adee032ae7c09c","50059d895cb02b912f77b500d8e3da5834a058d6d260873e022969750916a7ee",338,"known_glmGamPoi_native_fallback",10,TRUE,FALSE,FALSE,FALSE,FALSE,"closed",FALSE,"mv08p_original_v1",1
"mv08p_source_production_resource_v1",2,"SRA728025_SRS3454422","internal124","primary90",484,"completed",0,113.153866291046,925585408,1800,12884901888,15641386,"716afc360457e609fa153e96bd5e42cf26a27dba432759b01fdfcac55a5882ff","bc35724df95dbe6c5b7f726fedda2d961fc315935bf3dd50cb3a1c0405300b50",338,"known_glmGamPoi_native_fallback",10,TRUE,FALSE,FALSE,FALSE,FALSE,"closed",FALSE,"mv08p_original_v1",1
"mv08p_source_production_resource_v1",3,"SRA784242_SRS3822680","internal124","primary90",537,"completed",0,97.1102340221405,815611904,1800,12884901888,15641386,"282162d507c65107d49def10ded0267284bbdf8847dfbb675684cb6ea68e5428","3e232c9b24d71dfd08f6bded34f841f06f8664728f790a88ad030904084846c2",338,"known_glmGamPoi_native_fallback",10,TRUE,FALSE,FALSE,FALSE,FALSE,"closed",FALSE,"mv08p_original_v1",1
"mv08p_source_production_resource_v1",4,"SRA716608_SRS3391632","internal124","primary90",554,"completed",0,83.0015184879303,1022132224,1800,12884901888,15641386,"92f7d8ca5ecccdbdfeff37caee4b0ee692cab1203ed8bf7054c727254fac8c7c","88ab74d2217c620cfc0af31714c3e53f1a3d513f103709b1f9d5de91222ed48a",338,"known_glmGamPoi_native_fallback",10,TRUE,FALSE,FALSE,FALSE,FALSE,"closed",FALSE,"mv08p_original_v1",1
"mv08p_source_production_resource_v1",5,"SRA784242_SRS3822682","internal124","primary90",574,"completed",0,125.293313741684,886280192,1800,12884901888,15641386,"0ba427e03c4b9d42f15bc80b34e82bb73ee3c1c6b38ad7938c44c5f6c7a83da7","2b8aee18ad70a9068bd697f2d5a86dcf1bc2aeb61c9fb1cb1a6757f0e304b1ac",338,"known_glmGamPoi_native_fallback",10,TRUE,FALSE,FALSE,FALSE,FALSE,"closed",FALSE,"mv08p_original_v1",1
"mv08p_source_production_resource_v1",6,"SRA850958_SRS4386113","internal124","added34",584,"completed",0,83.1541152000427,888762368,1800,12884901888,15641386,"4137bb52dd4e88a0d23ff65ebcfc69fa5fea96d355dd88804b3ef3f0e91fb4be","befe72a6c16a5cafa0ad90d1e964837a008b58ab51fe37fd8bdbcc67234a61ec",338,"known_glmGamPoi_native_fallback",10,TRUE,FALSE,FALSE,FALSE,FALSE,"closed",FALSE,"mv08p_original_v1",1
"mv08p_source_production_resource_v1",7,"SRA728025_SRS3454421","internal124","primary90",586,"completed",0,137.749078273773,1061990400,1800,12884901888,15641386,"ecb124c7260dd419d83a8ee62cd281fabfee41bb50bc4187c668bfc5c9e7a233","997a4bada87cde85c1e923f0fc0ad6af9281f63322945d4431fd9b0b5e03146f",338,"known_glmGamPoi_native_fallback",10,TRUE,FALSE,FALSE,FALSE,FALSE,"closed",FALSE,"mv08p_original_v1",1
"mv08p_source_production_resource_v1",8,"SRA826293_SRS4181125","internal124","primary90",609,"completed",0,90.6246120929718,754212864,1800,12884901888,15641386,"a0f72cddbfb4f91f83fa0b343c89ac50c0c9bc9efa2a900768946ff12c09fd45","9a46e79836e5e840e27272c1920b3c4f1199e9de9cb1917de7190b2ad15eeb68",338,"known_glmGamPoi_native_fallback",10,TRUE,FALSE,FALSE,FALSE,FALSE,"closed",FALSE,"mv08p_original_v1",1
"mv08p_source_production_resource_v1",9,"SRA740174_SRS3548780","internal124","primary90",614,"completed",0,108.718148469925,1031929856,1800,12884901888,15641386,"fff23b4bb058cf30044f2175d5e7366db0f1f9c2fa6f07f3edf53cfeccf14c02","f9bf143b1bd87decad7e096ebce291523026c028ab0b64d165035c0785ea231e",338,"known_glmGamPoi_native_fallback",10,TRUE,FALSE,FALSE,FALSE,FALSE,"closed",FALSE,"mv08p_original_v1",1
"mv08p_source_production_resource_v1",10,"SRA850958_SRS4386110","internal124","added34",617,"completed",0,98.9869964122772,913223680,1800,12884901888,15641386,"4032b3af39b6a28f39b810382bd249d585050c714865605571d4003dcba1cb76","dfc7eb308261673c132e62594e376af44bf3c0c97cfc96e1b8ef9f8ab9f0a739",338,"known_glmGamPoi_native_fallback",10,TRUE,FALSE,FALSE,FALSE,FALSE,"closed",FALSE,"mv08p_original_v1",1
"mv08p_source_production_resource_v1",11,"SRA784242_SRS3822686","internal124","primary90",623,"completed",0,107.933074712753,883191808,1800,12884901888,15641386,"d2447ee4d3b26c2f53f157f8b92c34f8001f3b8411622c9467aa4ad3921559a8","8dc0a080d7827a1a2dbbef10a31c097b0d4e5c2fb5b811be1867128032fa64dd",338,"known_glmGamPoi_native_fallback",10,TRUE,FALSE,FALSE,FALSE,FALSE,"closed",FALSE,"mv08p_original_v1",1
"mv08p_source_production_resource_v1",12,"SRA740174_SRS3548782","internal124","primary90",646,"completed",0,120.532740592957,1105805312,1800,12884901888,15641386,"34ad8563aa1802b6106d8fb89ff82e8ac4ada230f30884d9a65a6d32db9b877f","61ff1fa4a3566ff7626856190e3b5216fab70e2fdebbcafd3e07fd30dcbb4afd",338,"known_glmGamPoi_native_fallback",10,TRUE,FALSE,FALSE,FALSE,FALSE,"closed",FALSE,"mv08p_original_v1",1
"mv08p_source_production_resource_v1",13,"SRA784242_SRS3822683","internal124","primary90",647,"completed",0,113.697738409042,923725824,1800,12884901888,15641386,"8107683ccbc70cfbaa20fa4b7d4f42d2947763b74fb8bf38c7d67ec63afbad95","0cf17fe3079bd4c198a271206d9a329b76bcee88ec22f0ec19f42ebb95bb5874",338,"known_glmGamPoi_native_fallback",10,TRUE,FALSE,FALSE,FALSE,FALSE,"closed",FALSE,"mv08p_original_v1",1
"mv08p_source_production_resource_v1",14,"SRA850958_SRS4386112","internal124","added34",713,"completed",0,101.486820459366,910925824,1800,12884901888,15641386,"d92d1013b8760f0684d7ef0e98b0287641256ff3e2b327bf25dbec153ca8847f","1171dd3f1c0d890af9d498b22d5b07504844e3c493e5557af3ad1ad92b7df626",338,"known_glmGamPoi_native_fallback",10,TRUE,FALSE,FALSE,FALSE,FALSE,"closed",FALSE,"mv08p_original_v1",1
"mv08p_source_production_resource_v1",15,"SRA850958_SRS4386111","internal124","added34",778,"completed",0,105.697538614273,1062129664,1800,12884901888,15641386,"95704d8a3f7f7b9b0fbef81ff8c870735173626ceac1d14f95f975a506ca80b0","28e0fad38b59278f942c4e9abb666b1a34317c7bf136c035fa3439d5f1f1bcc1",338,"known_glmGamPoi_native_fallback",10,TRUE,FALSE,FALSE,FALSE,FALSE,"closed",FALSE,"mv08p_original_v1",1
"mv08p_source_production_resource_v1",16,"SRA850958_SRS4386109","internal124","added34",809,"completed",0,121.237236499786,1008758784,1800,12884901888,15641386,"84c219abb949204ea9fbadf7352102572d8a9002513d0270524477376521fc5f","672fb1ceccd5374e4f32a06baab96c8f296767f4e292602053dd05e569f79b28",338,"known_glmGamPoi_native_fallback",10,TRUE,FALSE,FALSE,FALSE,FALSE,"closed",FALSE,"mv08p_original_v1",1
"mv08p_source_production_resource_v1",17,"SRA621638_SRS2610285","internal124","primary90",832,"completed",0,131.504848718643,1014349824,1800,12884901888,15641386,"34b1ccecd53cde69a16a9a0f762ce81911a600e7f5e7ceb29b6b49396a6f3165","f4da3e2d29f40dec0efb6d71b76d29256878844e82bd573a122d0c415aea677a",338,"known_glmGamPoi_native_fallback",10,TRUE,FALSE,FALSE,FALSE,FALSE,"closed",FALSE,"mv08p_original_v1",1
"mv08p_source_production_resource_v1",18,"SRA716608_SRS3391631","internal124","primary90",847,"completed",0,103.543246984482,892358656,1800,12884901888,15641386,"328eeaf940b9f14d156714dfe1e124f9a8e210a589ee70dabd1f4b9b815c8969","64cd0cee387e98b96f73b100c57de3109f94b287483f317c696755eb31924f35",338,"known_glmGamPoi_native_fallback",10,TRUE,FALSE,FALSE,FALSE,FALSE,"closed",FALSE,"mv08p_original_v1",1
"mv08p_source_production_resource_v1",19,"SRA779509_SRS3805249","internal124","primary90",874,"completed",0,141.670033693314,1036980224,1800,12884901888,15641386,"172e3c51bd0a1ce70bda7311d4fdb991231105f5a843557b2bdd380c6d6294bb","b6bd1370ba5de31adf77cd2268fedb5f7c84c1f2618bde8425f5b18f7c33b4ff",338,"known_glmGamPoi_native_fallback",10,TRUE,FALSE,FALSE,FALSE,FALSE,"closed",FALSE,"mv08p_original_v1",1
"mv08p_source_production_resource_v1",20,"SRA550660_SRS2089636","internal124","primary90",930,"completed",0,83.4819378852844,924135424,1800,12884901888,15633706,"e37a051a86ac589f445a7bd9f97b5b97c8f83576ba977c14c5363cc74b649d45","206414ec8a0a9e4bdb71aa32248be92c00eed534b6bc616376b03dd44ff4990b",338,"known_glmGamPoi_native_fallback",10,TRUE,FALSE,FALSE,FALSE,FALSE,"closed",FALSE,"mv08p_original_v1",1
"mv08p_source_production_resource_v1",21,"SRA749327_SRS3693911","internal124","primary90",935,"completed",0,111.493308067322,975417344,1800,12884901888,15641386,"fabd49f23d8e41697f2409c924ab0d2b42e08c4b7c8e810d227562215818d150","7c6f40e3bca2d6b161696e6fb86a303a73c9246451abb3d0ad119eeb457a425b",338,"known_glmGamPoi_native_fallback",10,TRUE,FALSE,FALSE,FALSE,FALSE,"closed",FALSE,"mv08p_original_v1",1
"mv08p_source_production_resource_v1",22,"SRA701877_SRS3279685","internal124","added34",943,"completed",0,92.4051048755646,1201516544,1800,12884901888,15633706,"416a8e2b7afb966ae395a80c3e7ebd2eb64560556d57ff0e67064f1415c90dd4","ea114a714fd3f50014e4040b1d49cefc3d9f577dc8376627768ce2ad86565628",338,"known_glmGamPoi_native_fallback",10,TRUE,FALSE,FALSE,FALSE,FALSE,"closed",FALSE,"mv08p_original_v1",1
"mv08p_source_production_resource_v1",23,"SRA749327_SRS3693912","internal124","primary90",945,"completed",0,128.68399977684,891809792,1800,12884901888,15641386,"dfea5f0a7611179004821524cedf6d495c869fb3e5d0e2e56f5b497cec8eb9b1","615de8e575949fe8ccd297c29b67a5369d4c1141ccc4b45ac35f2cd276698814",338,"known_glmGamPoi_native_fallback",10,TRUE,FALSE,FALSE,FALSE,FALSE,"closed",FALSE,"mv08p_original_v1",1
"mv08p_source_production_resource_v1",24,"SRA740174_SRS3548781","internal124","primary90",952,"completed",0,145.392535924911,1521369088,1800,12884901888,15641386,"0d9595b67b1984111e2344dc38ab6fe6df8c56b6eaa8910251a36169215ea4bb","47e688427b5c73e0cc24a1f560636e1f5e685754f76ab34c1325259511fa9aa9",338,"known_glmGamPoi_native_fallback",10,TRUE,FALSE,FALSE,FALSE,FALSE,"closed",FALSE,"mv08p_original_v1",1
"mv08p_source_production_resource_v1",25,"SRA740174_SRS3548783","internal124","primary90",955,"completed",0,138.746556997299,1436971008,1800,12884901888,15641386,"10768e771d81dcde4694e205ce9e9d020e0a098239bedb474aa532c5ecc91302","7398ca5ad6bf8b6c74afe9015d1af94f18b454528a0abcff26a0828d394c87f1",338,"known_glmGamPoi_native_fallback",10,TRUE,FALSE,FALSE,FALSE,FALSE,"closed",FALSE,"mv08p_original_v1",1
"mv08p_source_production_resource_v1",26,"SRA779509_SRS3805264","internal124","primary90",979,"completed",0,126.386136054993,1167671296,1800,12884901888,15641386,"7294dbd052724aa6b56dffc7efc330169c609810b98533e573e3a23ed1630528","d6ff57ebecb1bf11a5a32355d726ad05d067c2c6fb0eb906142ce01f1250521e",338,"known_glmGamPoi_native_fallback",10,TRUE,FALSE,FALSE,FALSE,FALSE,"closed",FALSE,"mv08p_original_v1",1
"mv08p_source_production_resource_v1",27,"SRA850958_SRS4386101","internal124","added34",1015,"completed",0,112.283362150192,1254641664,1800,12884901888,15641386,"cb19422129c31239588244e28b612bb330129626108913ca85acaec36ee44050","419b2cc4ee3ea119f0f8b6232c22ff72ab9cf848ce8548fa5ff47e5a52d3d3d9",338,"known_glmGamPoi_native_fallback",10,TRUE,FALSE,FALSE,FALSE,FALSE,"closed",FALSE,"mv08p_original_v1",1
"mv08p_source_production_resource_v1",28,"SRA645804_SRS2823411","internal124","primary90",1031,"completed",0,162.423325300217,1763528704,1800,12884901888,15641386,"6268a0a455fa9abd15ffdfdf29b0f93345c1380dec9da8ddfe0efdcc7f81f898","292bc0e52ca6819e66990c718300d420f8adaab8d5c5b9e9b3901ba8267fe682",338,"known_glmGamPoi_native_fallback",10,TRUE,FALSE,FALSE,FALSE,FALSE,"closed",FALSE,"mv08p_original_v1",1
"mv08p_source_production_resource_v1",29,"SRA716608_SRS3391629","internal124","primary90",1043,"completed",0,186.588673591614,1472724992,1800,12884901888,15641386,"2dfa8e7bdbf67f6c1cde2a4282e27f98b0011a584366b89dca40eefa02118114","6a8c60126f0601bcb163ff1ede36bbecdee6539d47471b22fd0fa520bb5fe707",338,"known_glmGamPoi_native_fallback",10,TRUE,FALSE,FALSE,FALSE,FALSE,"closed",FALSE,"mv08p_original_v1",1
"mv08p_source_production_resource_v1",30,"SRA701877_SRS3279689","internal124","added34",1090,"completed",0,99.7049825191498,1802514432,1800,12884901888,15633706,"aba3090e8f2213f3a774ea920a90cc4b6cad02718821fac0b5bac867b0d23d78","4ad3a618b3bcbdbb2d1fe8eb47f2e2447a33a71fe291bde496186173774d4232",338,"known_glmGamPoi_native_fallback",10,TRUE,FALSE,FALSE,FALSE,FALSE,"closed",FALSE,"mv08p_original_v1",1
"mv08p_source_production_resource_v1",31,"SRA667709_SRS3065426","internal124","primary90",1118,"completed",0,153.463786363602,1812516864,1800,12884901888,15641386,"23fb59902494e3da996f03bbf5678e9ac7a294a045c6416452ce068b6837150a","05c691a67d3985a1937265358e6f8405bbfbbd3dee5ede04648f51794a007b60",338,"known_glmGamPoi_native_fallback",10,TRUE,FALSE,FALSE,FALSE,FALSE,"closed",FALSE,"mv08p_original_v1",1
"mv08p_source_production_resource_v1",32,"SRA779509_SRS3805261","internal124","primary90",1137,"completed",0,191.592947721481,1346297856,1800,12884901888,15641386,"09bb1c360dbc0d26b917f068ea237eb99b4d7e8b05f4323571d81edba949a7e7","86a4015f9ebe695c342360a0c2c5f3e409177673044026dcfde244a75cd734b8",338,"known_glmGamPoi_native_fallback",10,TRUE,FALSE,FALSE,FALSE,FALSE,"closed",FALSE,"mv08p_original_v1",1
"mv08p_source_production_resource_v1",33,"SRA550660_SRS2089635","internal124","primary90",1138,"completed",0,97.9950108528137,993521664,1800,12884901888,15633706,"4e6a23dbd48ad455928212d6d75b8d038ba4a825098e857f18600e63aae947a0","0bdbb3f63962b3a977a7291a78d26c7a50df6541003b945dddd1a138bdab8fb0",338,"known_glmGamPoi_native_fallback",10,TRUE,FALSE,FALSE,FALSE,FALSE,"closed",FALSE,"mv08p_original_v1",1
"mv08p_source_production_resource_v1",34,"SRA621638_SRS2610283","internal124","primary90",1177,"completed",0,158.275221824646,1503277056,1800,12884901888,15641386,"682abb721161e61f225eb203f9a4d698dbaff7a4b2aff3c9412396268cd4f00d","43e7f18e54d903a11276290b74e61412f6d922fb5c1754f4da813a35bf246f9e",338,"known_glmGamPoi_native_fallback",10,TRUE,FALSE,FALSE,FALSE,FALSE,"closed",FALSE,"mv08p_original_v1",1
"mv08p_source_production_resource_v1",35,"SRA550660_SRS2089638","internal124","primary90",1210,"completed",0,103.404581785202,1220214784,1800,12884901888,15633706,"80ebcb4db28f2bb0499e8acba429a3719cb4dc74fd9374b363e8c0a2458915c2","2e148ef14289359aaa5cdff6b9fb9d5ba921b9cf5f4b0f8d483d7c335303ccf7",338,"known_glmGamPoi_native_fallback",10,TRUE,FALSE,FALSE,FALSE,FALSE,"closed",FALSE,"mv08p_original_v1",1
"mv08p_source_production_resource_v1",36,"SRA728025_SRS3454424","internal124","primary90",1228,"completed",0,171.208291769028,1866903552,1800,12884901888,15641386,"ab312971f32e6818cb6a52cbbdd6f80884381b36302b484f418bfd9efd44552c","a37aee9b4983c07449461c7ac362d5fe2a82fd8dcb8dd07c8ae92758d4db9172",338,"known_glmGamPoi_native_fallback",10,TRUE,FALSE,FALSE,FALSE,FALSE,"closed",FALSE,"mv08p_original_v1",1
"mv08p_source_production_resource_v1",37,"SRA728025_SRS3454427","internal124","primary90",1280,"completed",0,179.875461578369,1723224064,1800,12884901888,15641386,"fcc771e9dd655471e8f911664a73c814765eeef575717a476e4d1b3d28b8f789","028b4bfb49b8da1bf7c45ab8c922c394459c76a0b8df4e4d67a563b04c4e95f1",338,"known_glmGamPoi_native_fallback",10,TRUE,FALSE,FALSE,FALSE,FALSE,"closed",FALSE,"mv08p_original_v1",1
"mv08p_source_production_resource_v1",38,"SRA667709_SRS3065428","internal124","primary90",1315,"completed",0,168.867913007736,2353930240,1800,12884901888,15641386,"63079d67e2afe35ecd882a6be36d6f80a66d7068f0610e8ffb368f168fe51580","33d62bb6fd33f5f4681c2475c2736e114ea2cecd634566ca0ac42406e5ffde07",338,"known_glmGamPoi_native_fallback",10,TRUE,FALSE,FALSE,FALSE,FALSE,"closed",FALSE,"mv08p_original_v1",1
"mv08p_source_production_resource_v1",39,"SRA667709_SRS3065431","internal124","primary90",1410,"completed",0,200.014766693115,2097172480,1800,12884901888,15641386,"793811c399bf85eeddea84100395bfbe1337c964f812f8d4d3ea8104fdefebc8","dc7c3eaf75ac89b695d955c4cdb0997f218da7961587201450dddb8c4f0f777f",338,"known_glmGamPoi_native_fallback",10,TRUE,FALSE,FALSE,FALSE,FALSE,"closed",FALSE,"mv08p_original_v1",1
"mv08p_source_production_resource_v1",40,"SRA728025_SRS3454428","internal124","primary90",1473,"completed",0,195.889436483383,1738776576,1800,12884901888,15641386,"6e281bae18ed8efeee443e6ca956a91d202fb8aa665e55494e559f046911022a","5bca13b0ad5c9b06ff76ed3698bc59e96ac0713dac353c16aa47f3eb759b9c73",338,"known_glmGamPoi_native_fallback",10,TRUE,FALSE,FALSE,FALSE,FALSE,"closed",FALSE,"mv08p_original_v1",1
"mv08p_source_production_resource_v1",41,"SRA667709_SRS3065430","internal124","primary90",1486,"completed",0,193.0069231987,2172833792,1800,12884901888,15641386,"f0e17d1583b7b0f3d2bbbdab992e9942922d8000fda4a6146421a314228a2273","778463ec7054e04b9fcd09c1ae18f33d17af144ab075a79deca44b5d003992c0",338,"known_glmGamPoi_native_fallback",10,TRUE,FALSE,FALSE,FALSE,FALSE,"closed",FALSE,"mv08p_original_v1",1
"mv08p_source_production_resource_v1",42,"SRA701877_SRS3279686","internal124","added34",1632,"completed",0,131.64050245285,2368827392,1800,12884901888,15633706,"45ed7f5f6c576ab52454ac51b57befda2d5a7bdc5e603f99c221a0648c0277c5","305d243ba1a9edbd60fe2a241cb2822f2b07b9499c70d9d0eec813db2eaafce8",338,"known_glmGamPoi_native_fallback",10,TRUE,FALSE,FALSE,FALSE,FALSE,"closed",FALSE,"mv08p_original_v1",1
"mv08p_source_production_resource_v1",43,"SRA701877_SRS3279691","internal124","added34",1640,"completed",0,150.879440546036,2290503680,1800,12884901888,15633706,"e0820b0c57df0ed4a79f29fc39d4ef6b988f0d2aef3ec052f3505a59995eb7c9","5c7a67a65953472a14c7a4be4e1690deb471083a427abc0c685283471a0dd5c4",338,"known_glmGamPoi_native_fallback",10,TRUE,FALSE,FALSE,FALSE,FALSE,"closed",FALSE,"mv08p_original_v1",1
"mv08p_source_production_resource_v1",44,"SRA826293_SRS4181124","internal124","primary90",1664,"completed",0,179.374079465866,2075594752,1800,12884901888,15641386,"32a7e1a2a4fe0dc06303b2612384e2a19db9859e970ef9cd897c5ab204c4cba7","7f865bd70b8941ead9618cd027754db1adb6812576f0061d59857eae1fe6cf38",338,"known_glmGamPoi_native_fallback",10,TRUE,FALSE,FALSE,FALSE,FALSE,"closed",FALSE,"mv08p_original_v1",1
"mv08p_source_production_resource_v1",45,"SRA728025_SRS3454425","internal124","primary90",1710,"completed",0,219.234423160553,2226679808,1800,12884901888,15641386,"f09d2c21be0f85b48a1bc0b321113d80da66885337a2360dc73b7514abdce99e","a7dda2c535ff3fa87448e24a562a2b50d98f605da7f9b73868060e329a54813e",338,"known_glmGamPoi_native_fallback",10,TRUE,FALSE,FALSE,FALSE,FALSE,"closed",FALSE,"mv08p_original_v1",1
"mv08p_source_production_resource_v1",46,"SRA716608_SRS3391633","internal124","primary90",1721,"completed",0,228.457325220108,1823469568,1800,12884901888,15641386,"598ef3ea2de8016bd06335b04fd0b0d437cf4b18d8690de72701c2861e146681","8a116eaf27e52b7efebc7e03ee0921bb1a7d6bd9f745624084d9f6f9b32498b2",338,"known_glmGamPoi_native_fallback",10,TRUE,FALSE,FALSE,FALSE,FALSE,"closed",FALSE,"mv08p_original_v1",1
"mv08p_source_production_resource_v1",47,"SRA667709_SRS3065429","internal124","primary90",1847,"completed",0,235.742755174637,3119333376,1800,12884901888,15641386,"1408c67e881119ebe55b247f3867c7f8b8be0cf3bf0751ff313c03e16a28429c","944e38c8330e8c481d8041f19261a2cefab0cd3a487b3cfa59685a4d91f831c1",338,"known_glmGamPoi_native_fallback",10,TRUE,FALSE,FALSE,FALSE,FALSE,"closed",FALSE,"mv08p_original_v1",1
"mv08p_source_production_resource_v1",48,"SRA701877_SRS3279684","internal124","added34",1885,"completed",0,153.144565343857,2313633792,1800,12884901888,15633706,"59c16841b434d64a687a3bea4523fe4c3888d66729b0c5d9740ee8d991bcb583","2e3370c3595e20d40a6518ce895897733e5a5b6a700ccbbcd4559df53aac94c8",338,"known_glmGamPoi_native_fallback",10,TRUE,FALSE,FALSE,FALSE,FALSE,"closed",FALSE,"mv08p_original_v1",1
"mv08p_source_production_resource_v1",49,"SRA749327_SRS3693910","internal124","primary90",1889,"completed",0,175.526183843613,2003574784,1800,12884901888,15641386,"781982a5f3ecb6c97117c6f5e10b80f0555495e70066fa2ba4df902b9b071b35","3aec551f3d7fad9e61bcbaf5ffa206ecb1eef163bace261ee3287e3eb6b62df7",338,"known_glmGamPoi_native_fallback",10,TRUE,FALSE,FALSE,FALSE,FALSE,"closed",FALSE,"mv08p_original_v1",1
"mv08p_source_production_resource_v1",50,"SRA667709_SRS3065427","internal124","primary90",1945,"completed",0,257.046498060226,3382730752,1800,12884901888,15641386,"376ffb56782181fb729ba20c065b269601cf1bd2961312ea73554a89cbeefb81","18040eac0fe8917cebdfe916d13a4b072d8b29a3dc97696e7f7100f79a52f71b",338,"known_glmGamPoi_native_fallback",10,TRUE,FALSE,FALSE,FALSE,FALSE,"closed",FALSE,"mv08p_original_v1",1
"mv08p_source_production_resource_v1",51,"SRA728025_SRS3454426","internal124","primary90",2009,"completed",0,225.064979076385,2732355584,1800,12884901888,15641386,"9d9371c2edcc6bf03ca43d6290074d732725266d98816b93f75837fb635d850a","8ffaf7953a270f2acb2fd7d47907d98d779cceb70476f4de28339dbd86955d0a",338,"known_glmGamPoi_native_fallback",10,TRUE,FALSE,FALSE,FALSE,FALSE,"closed",FALSE,"mv08p_original_v1",1
"mv08p_source_production_resource_v1",52,"SRA701877_SRS3279687","internal124","added34",2106,"completed",0,124.55580997467,2751270912,1800,12884901888,15633706,"cac9594c7d2ab6b80f4c47c4aeb5a1141881358fe18f43b8c5f633c5b9c7f08b","392b3088338db389482c5d57d770fe0017f21b48a8ec90426ed465b54c2884b4",338,"known_glmGamPoi_native_fallback",10,TRUE,FALSE,FALSE,FALSE,FALSE,"closed",FALSE,"mv08p_original_v1",1
"mv08p_source_production_resource_v1",53,"SRA779509_SRS3805251","internal124","primary90",2111,"completed",0,290.983897686005,2253438976,1800,12884901888,15641386,"c34688198afacfa2edb30ba2e00818a83f4865fb559f7e7415e3d26f43ee8a46","3200d7e57dfd972952dc1d4e9d452a772e78ab370351555f90d04228cdedcd5c",338,"known_glmGamPoi_native_fallback",10,TRUE,FALSE,FALSE,FALSE,FALSE,"closed",FALSE,"mv08p_original_v1",1
"mv08p_source_production_resource_v1",54,"SRA728025_SRS3454430","internal124","primary90",2127,"completed",0,278.417506217957,2674896896,1800,12884901888,15641386,"791853a71eaf8451eda90f25fb34e66c44eca96a71cf97771192bf69674e5d21","0a5e84e8d2569a9369965929f4c937f899d1aaef5d1769be7a13a227001effdf",338,"known_glmGamPoi_native_fallback",10,TRUE,FALSE,FALSE,FALSE,FALSE,"closed",FALSE,"mv08p_original_v1",1
"mv08p_source_production_resource_v1",55,"SRA701877_SRS3279690","internal124","added34",2157,"completed",0,166.110919475555,3309465600,1800,12884901888,15633706,"e74efd3a8e47bda432bf44c94829edf3531d5b55dd731aea280f610538ad7702","ca4bff23a79dc1e6013fcac217c360cebac8f98ffbb8b5951c83b0b64e31ad5e",338,"known_glmGamPoi_native_fallback",10,TRUE,FALSE,FALSE,FALSE,FALSE,"closed",FALSE,"mv08p_original_v1",1
"mv08p_source_production_resource_v1",56,"SRA701877_SRS3279694","internal124","added34",2213,"completed",0,135.619917392731,2369204224,1800,12884901888,15633706,"622f8689bf38c86e89eea97bcb2babaa45db21d94a9519d3ee1689caad8e108c","9ecff16cb6959c0a4ab7a42544a46dca7c501da4ab7c6eb607dc34ef1faecc70",338,"known_glmGamPoi_native_fallback",10,TRUE,FALSE,FALSE,FALSE,FALSE,"closed",FALSE,"mv08p_original_v1",1
"mv08p_source_production_resource_v1",57,"SRA826293_SRS4181126","internal124","primary90",2250,"completed",0,232.192088365555,2587746304,1800,12884901888,15641386,"148f8473c2002bc1cea080540f69d571e14834de318b9678a7c3afcf74b1442b","c1d3b33a479b8dc07273f464c75d772f3ddd66737342a1467c3249e934035c07",338,"known_glmGamPoi_native_fallback",10,TRUE,FALSE,FALSE,FALSE,FALSE,"closed",FALSE,"mv08p_original_v1",1
"mv08p_source_production_resource_v1",58,"SRA716608_SRS3391630","internal124","primary90",2284,"completed",0,249.975167989731,2604224512,1800,12884901888,15641386,"e3ff036e675931dd63a45ce05500f715dea55d16354e971c6590865ac6a16044","6a74365bdec8ecb3e3503b7bc7fdee9de0ce6909f8de52f0679a7415baaf3945",338,"known_glmGamPoi_native_fallback",10,TRUE,FALSE,FALSE,FALSE,FALSE,"closed",FALSE,"mv08p_original_v1",1
"mv08p_source_production_resource_v1",59,"SRA701877_SRS3279693","internal124","added34",2491,"completed",0,155.421478033066,2885357568,1800,12884901888,15633706,"c3b36ea36debe286c96c1a79750b3b6391299859a63539828d360b2dbd90713b","dac44862edf375be8b2ad74ad55bfd0c6c874a11c17058063e368ae52916852a",338,"known_glmGamPoi_native_fallback",10,TRUE,FALSE,FALSE,FALSE,FALSE,"closed",FALSE,"mv08p_original_v1",1
"mv08p_source_production_resource_v1",60,"HCA_BM_005","external8","hca_exact_reference",2571,"completed",0,372.26930642128,2998792192,1800,12884901888,3151274,"b2fe5145d84e9e7880323788fa307c3b09e09b0467148c9e672e6cb589ef5ca4","f4f811f7c66d6d1893b60a3bea93996b85fd22162853d4969fbcba79dc0711d6",338,"known_glmGamPoi_native_fallback",4,TRUE,FALSE,FALSE,FALSE,FALSE,"closed",FALSE,"mv08p_original_v1",1
"mv08p_source_production_resource_v1",61,"SRA701877_SRS3279692","internal124","added34",2619,"completed",0,230.488260984421,3875262464,1800,12884901888,15633706,"2791e742818df87ae6465fb6e21767528e39a71025b96bac6babe649babe7520","91afdaf9a922e18c4fc926722a145402ad9f0788157e9c600992a874e886eeda",338,"known_glmGamPoi_native_fallback",10,TRUE,FALSE,FALSE,FALSE,FALSE,"closed",FALSE,"mv08p_original_v1",1
"mv08p_source_production_resource_v1",62,"SRA749327_SRS3693913","internal124","primary90",2644,"completed",0,231.815136909485,2323968000,1800,12884901888,15641386,"aa60a0672c977920aa9feec74383688a10ec07fc17a8254d499e6ceef4b0677a","f35885d4029f98ea4846b4d567ae35cf4a69b984ede62ebceabbef56fe92db02",338,"known_glmGamPoi_native_fallback",10,TRUE,FALSE,FALSE,FALSE,FALSE,"closed",FALSE,"mv08p_original_v1",1
"mv08p_source_production_resource_v1",63,"SRA645804_SRS2823407","internal124","primary90",2708,"completed",0,381.011382102966,4697956352,1800,12884901888,15641386,"07a278356db7e59da6ab09c52e0c8d34b174b82bbe766b876a15a9b17ad308c7","4d30b098514afc5796588ebd2c0b0350b449726eac2b6845eec44aa686cefac8",338,"known_glmGamPoi_native_fallback",10,TRUE,FALSE,FALSE,FALSE,FALSE,"closed",FALSE,"mv08p_original_v1",1
"mv08p_source_production_resource_v1",64,"HCA_BM_004","external8","hca_exact_reference",2769,"completed",0,405.36926817894,3105746944,1800,12884901888,3151274,"7e83b0d6417632e0a1f36e7791003d8ec90ac8d0e2dab32cf1d86624d5eb0311","a7b3d3db45e31b9b6e23b57a1322a5ae34159d073cb483d0267cc32e65d915e8",338,"known_glmGamPoi_native_fallback",4,TRUE,FALSE,FALSE,FALSE,FALSE,"closed",FALSE,"mv08p_original_v1",1
"mv08p_source_production_resource_v1",65,"HCA_BM_001","external8","hca_exact_reference",2818,"completed",0,421.364714622498,2921033728,1800,12884901888,3151274,"ded83f566bcf7ac262473e832026e92750757b5479af92e22ee598fe5e2f6f2e","c3b3ccd60cc98ab93810b50748c89c18f7268f720992a3be172210609898399b",338,"known_glmGamPoi_native_fallback",4,TRUE,FALSE,FALSE,FALSE,FALSE,"closed",FALSE,"mv08p_original_v1",1
"mv08p_source_production_resource_v1",66,"SRA703206_SRS3296613","internal124","primary90",2950,"completed",0,278.641346693039,3648790528,1800,12884901888,15641386,"6cb0b83b2de2b4468cd02e57d04032b7653418d4ce9e4e15fe00d18a3da0073c","d5941502fce20c46fc299cfcf257372652a2665bc3f402c825fe95316d1bccd2",338,"known_glmGamPoi_native_fallback",10,TRUE,FALSE,FALSE,FALSE,FALSE,"closed",FALSE,"mv08p_original_v1",1
"mv08p_source_production_resource_v1",67,"SRA779509_SRS3805260","internal124","primary90",2989,"completed",0,389.843870162964,3202531328,1800,12884901888,15641386,"0a45a3ef1505c728944f297639a4d2a7d887b8056214406e43ae5b03f23fc841","73d872aa0d0f673ca01e92b13a35fc6ebaf99f41f47f83d7f2fd3f7b9ef60288",338,"known_glmGamPoi_native_fallback",10,TRUE,FALSE,FALSE,FALSE,FALSE,"closed",FALSE,"mv08p_original_v1",1
"mv08p_source_production_resource_v1",68,"SRA701877_SRS3279695","internal124","added34",2992,"completed",0,183.23494887352,3487977472,1800,12884901888,15633706,"5d9fbd3ddee3e895b021da9b6547c2c707c93ca5c8225f080fb5a704a440b1ef","e0708d1a01e4f909abe37d425863347cdc95d6cea2bd0a6cb4606ba4ffcad0be",338,"known_glmGamPoi_native_fallback",10,TRUE,FALSE,FALSE,FALSE,FALSE,"closed",FALSE,"mv08p_original_v1",1
"mv08p_source_production_resource_v1",69,"SRA645804_SRS2823408","internal124","primary90",3006,"completed",0,406.263030052185,6390222848,1800,12884901888,15641386,"8a1fd7aa3581ecef72133fbdef769c5726a15dd2301b8440ec8ceff176ca8656","5179351fdf69da7e5f7151b96ab75a0af84e6a0bcee7ba3e0276a91dc176474a",338,"known_glmGamPoi_native_fallback",10,TRUE,FALSE,FALSE,FALSE,FALSE,"closed",FALSE,"mv08p_original_v1",1
"mv08p_source_production_resource_v1",70,"SRA779509_SRS3805250","internal124","primary90",3018,"completed",0,415.103916406631,2994614272,1800,12884901888,15641386,"9b7fa652ed2a52697298eff9bf0e212fd971fbc3b5d14ff31fef887b85469978","fc77f74c222b54c81ea1d35a6f3b48240c02267259b0c3d3b7067abbf5313931",338,"known_glmGamPoi_native_fallback",10,TRUE,FALSE,FALSE,FALSE,FALSE,"closed",FALSE,"mv08p_original_v1",1
"mv08p_source_production_resource_v1",71,"SRA628554_SRS2664365","internal124","primary90",3141,"completed",0,271.086599588394,3309690880,1800,12884901888,15641386,"f76c2c049f9460d33ae953b837ba032f829f86a286dbb50c805c057295e99e3d","cfee05e6eea88f4969f6a70790069234577a9bc0db1cfd2cd6cb1017833b2416",338,"known_glmGamPoi_native_fallback",10,TRUE,FALSE,FALSE,FALSE,FALSE,"closed",FALSE,"mv08p_original_v1",1
"mv08p_source_production_resource_v1",72,"SRA713577_SRS3363004","internal124","primary90",3326,"completed",0,283.517993688583,3888447488,1800,12884901888,15641386,"01b15dacd691631e1f4e4df809f39720fdbe100c1c4aed6a0b789d0d91d6058d","95923f0f073d100ab2248723f41f3100abd4eae9c0da428732bce990d9ba3db8",338,"known_glmGamPoi_native_fallback",10,TRUE,FALSE,FALSE,FALSE,FALSE,"closed",FALSE,"mv08p_original_v1",1
"mv08p_source_production_resource_v1",73,"HCA_BM_003","external8","hca_exact_reference",3338,"completed",0,474.713462352753,3026501632,1800,12884901888,3151274,"aa94a475c15c4e1d4fd617dad46bf951e5224a548a4a8d502be30090d043b091","0fc03d465ea9b98fa751a7296cc1d41aa9ed429f0978bdd1be9ffb0e37b1971e",338,"known_glmGamPoi_native_fallback",4,TRUE,FALSE,FALSE,FALSE,FALSE,"closed",FALSE,"mv08p_original_v1",1
"mv08p_source_production_resource_v1",74,"SRA628554_SRS2664364","internal124","primary90",3410,"completed",0,242.837996006012,3153051648,1800,12884901888,15641386,"29916a33c59ac77d5ac5bb5c3f1dd2b507c80392e46d53f6895a72b3ae42d72e","1953cf30eee45f1ae592210572ba0bdcfd712669bc276ba72af06e9c8cdfcee2",338,"known_glmGamPoi_native_fallback",10,TRUE,FALSE,FALSE,FALSE,FALSE,"closed",FALSE,"mv08p_original_v1",1
"mv08p_source_production_resource_v1",75,"SRA779509_SRS3805267","internal124","primary90",3427,"completed",0,429.250440835953,3269246976,1800,12884901888,15641386,"7a3dc91b778bf85e7990eb4bff618cd3154d5461e52863be787541716aeb1872","fde4ffbdc99cac9eb2e8eeafa1d6be61ddd1795cd5758d670991ab3732a7abff",338,"known_glmGamPoi_native_fallback",10,TRUE,FALSE,FALSE,FALSE,FALSE,"closed",FALSE,"mv08p_original_v1",1
"mv08p_source_production_resource_v1",76,"SRA645804_SRS2823410","internal124","primary90",3561,"completed",0,487.752669334412,6781444096,1800,12884901888,15641386,"647eb2d214b1fca0aa96f8593d25c6356b2a196e74de28f0bf61851212e466b5","e395c7bbe103ee1b373f2c70e5cc2c44b759c8e50bdc0bc325b8aaea7d4232e8",338,"known_glmGamPoi_native_fallback",10,TRUE,FALSE,FALSE,FALSE,FALSE,"closed",FALSE,"mv08p_original_v1",1
"mv08p_source_production_resource_v1",77,"HCA_BM_006","external8","hca_exact_reference",3608,"completed",0,498.791328430176,3488960512,1800,12884901888,3151274,"f43aa72456ce315a3d555f3e658ea957b34cca9376743cdb50ee456ae07dc214","3a8090ef0b7411d50eeeaceea1f89f11ae64381f9160291ddaad8e2cf4698f5e",338,"known_glmGamPoi_native_fallback",4,TRUE,FALSE,FALSE,FALSE,FALSE,"closed",FALSE,"mv08p_original_v1",1
"mv08p_source_production_resource_v1",78,"HCA_BM_008","external8","hca_exact_reference",3661,"completed",0,512.878585100174,3286106112,1800,12884901888,3151274,"7ef6d22953508b9e47385cf564192ec9722504f06dd8f9d3151d302dab72440d","f6ba0b6d2f2205a020d57b3bd0ea1b25564db431b82ed4fff7f2e0579ebc5f78",338,"known_glmGamPoi_native_fallback",4,TRUE,FALSE,FALSE,FALSE,FALSE,"closed",FALSE,"mv08p_original_v1",1
"mv08p_source_production_resource_v1",79,"SRA645804_SRS2823405","internal124","primary90",3680,"completed",0,312.575215816498,6175477760,1800,12884901888,15641386,"298c6f09d65608f6de939bf9366d2859ee40d28a46942ef30b8ff52081496936","d6d94d84fcd269fcbd815499cc64452e158f1896abba18d473bad13325740d01",338,"known_glmGamPoi_native_fallback",10,TRUE,FALSE,FALSE,FALSE,FALSE,"closed",FALSE,"mv08p_original_v1",1
"mv08p_source_production_resource_v1",80,"SRA779509_SRS3805257","internal124","primary90",3831,"completed",0,534.162106752396,4270776320,1800,12884901888,15641386,"438ca7a2b2535bee6ca12322fa17e1b1a2f79437c490495b3602e47c6a9de6a2","887cd4b65207e29a2f05103fcac3b2ce81437a143d33948d67cbfc79265f339f",338,"known_glmGamPoi_native_fallback",10,TRUE,FALSE,FALSE,FALSE,FALSE,"closed",FALSE,"mv08p_original_v1",1
"mv08p_source_production_resource_v1",81,"SRA645804_SRS2823412","internal124","primary90",3846,"completed",0,558.544066667557,6772609024,1800,12884901888,15641386,"93596ecd19635a2164dbf0eed9a208d1398dc69568ac7430ab7870d22ce471d0","d5e51bfd89fcbda4ccb9d109a160fede3b737e1b766e227c411862d21edebd24",338,"known_glmGamPoi_native_fallback",10,TRUE,FALSE,FALSE,FALSE,FALSE,"closed",FALSE,"mv08p_original_v1",1
"mv08p_source_production_resource_v1",82,"SRA645804_SRS2823409","internal124","primary90",3897,"completed",0,571.714539527893,7407575040,1800,12884901888,15641386,"4986d81214d04e17df72e9663227f80c36c85e2d2b97af1c266bb8c6bb756e07","8a13d646ec8fbb16b68671e1f51228c49b699a8440d838e2a21827b3a8ca490b",338,"known_glmGamPoi_native_fallback",10,TRUE,FALSE,FALSE,FALSE,FALSE,"closed",FALSE,"mv08p_original_v1",1
"mv08p_source_production_resource_v1",83,"SRA645804_SRS3572594","internal124","primary90",4035,"completed",0,628.805494308472,7485906944,1800,12884901888,15641386,"25a0e0e146c1f95e3d0cfbbe4a9c54101f685cd0e158b1c8650607a548fe5133","6a70ac67e00eb298dcae4c09d7eb8b9a43ab350e71fc993caa61097314da6f59",338,"known_glmGamPoi_native_fallback",10,TRUE,FALSE,FALSE,FALSE,FALSE,"closed",FALSE,"mv08p_original_v1",1
"mv08p_source_production_resource_v1",84,"SRA826293_SRS4181129","internal124","primary90",4038,"completed",0,399.128540992737,5464322048,1800,12884901888,15641386,"8046368984a209983ad6614ef2bca97a2d0a397105d6040c186bb818c068f7c4","415fea90a68f55be83143d66f7c57ccf42c6e544b8bb7bba3db7f6b2f0dd2e8c",338,"known_glmGamPoi_native_fallback",10,TRUE,FALSE,FALSE,FALSE,FALSE,"closed",FALSE,"mv08p_original_v1",1
"mv08p_source_production_resource_v1",85,"HCA_BM_007","external8","hca_exact_reference",4076,"completed",0,518.094959497452,3861680128,1800,12884901888,3151274,"1b0f96dbf1f59594dd34cfb76b05c4a7661d3735d699e55bb71e2a3d28d2c214","c305a46f4a531d40cc838b85442d3ccbce0e688801c09e0bcbb59ab333006211",338,"known_glmGamPoi_native_fallback",4,TRUE,FALSE,FALSE,FALSE,FALSE,"closed",FALSE,"mv08p_original_v1",1
"mv08p_source_production_resource_v1",86,"SRA779509_SRS3805253","internal124","primary90",4111,"completed",0,496.003093957901,4181594112,1800,12884901888,15641386,"2cbdeff8e2c7e5cee746fcad47ff750a67e4839d4d1ca2f005a2c6a30bff785b","4f563c3578b64d4646e5a1e98800aa55a68e8cd4b5f2b63723126914b70c9cf9",338,"known_glmGamPoi_native_fallback",10,TRUE,FALSE,FALSE,FALSE,FALSE,"closed",FALSE,"mv08p_original_v1",1
"mv08p_source_production_resource_v1",87,"SRA703206_SRS3296611","internal124","primary90",4175,"completed",0,525.81777882576,4977627136,1800,12884901888,15641386,"dd248d4a631633614deefec7b0e3c86c8025a78c1618db21096ea33e763de9aa","f7ebdaf4b081597dd40364a782a0f4b5e1346df0e8caaf84addf5f1165be7cfc",338,"known_glmGamPoi_native_fallback",10,TRUE,FALSE,FALSE,FALSE,FALSE,"closed",FALSE,"mv08p_original_v1",1
"mv08p_source_production_resource_v1",88,"SRA645804_SRS2823404","internal124","primary90",4205,"completed",0,359.400516986847,8319086592,1800,12884901888,15641386,"d99d63cfb7bf593eff72c7a58a331478ae742bf14acacc718c665ac8df4b822c","f278427003978dfbc17134af2a5ad1d061167633d6666e232cdf3eb56e478ab0",338,"known_glmGamPoi_native_fallback",10,TRUE,FALSE,FALSE,FALSE,FALSE,"closed",FALSE,"mv08p_original_v1",1
"mv08p_source_production_resource_v1",89,"SRA703206_SRS3296614","internal124","primary90",4223,"completed",0,425.883300542831,5765488640,1800,12884901888,15641386,"b2ab55c0f0c44bc31268649303c389fc8da557041533091adced44bac63441f6","e95b81fe4fb1f95a7db06283ebf71b1490ba8104c9daf4d11e79fc5831dcd8f1",338,"known_glmGamPoi_native_fallback",10,TRUE,FALSE,FALSE,FALSE,FALSE,"closed",FALSE,"mv08p_original_v1",1
"mv08p_source_production_resource_v1",90,"SRA645804_SRS2823406","internal124","primary90",4297,"completed",0,376.46656036377,8923181056,1800,12884901888,15641386,"14f9f28be3ce7deeec47fdc2c9f142d5a61a7a7dd0d215d92b0478bb17474f52","c5762fb04b3ab0129299be5b9bd1528dfc6920a96fe5a9b562bdbfa55c886f53",338,"known_glmGamPoi_native_fallback",10,TRUE,FALSE,FALSE,FALSE,FALSE,"closed",FALSE,"mv08p_original_v1",1
"mv08p_source_production_resource_v1",91,"SRA826293_SRS4181123","internal124","primary90",4490,"completed",0,501.427689313889,5003923456,1800,12884901888,15641386,"53b88eb25b332eef40d7cea36a421fd2c2ab30d26627bc56bf78a7c0454e5c5f","7513c01a63f5a50cb088df466e0ed911eb40749a7df9abfedc70db36d761bfbf",338,"known_glmGamPoi_native_fallback",10,TRUE,FALSE,FALSE,FALSE,FALSE,"closed",FALSE,"mv08p_original_v1",1
"mv08p_source_production_resource_v1",92,"SRA779509_SRS3805254","internal124","primary90",4499,"completed",0,615.500348806381,5004099584,1800,12884901888,15641386,"9e4b0da4198700a5d8fc7b643b4469e633a5f9ed404228940e5ba8d0b6910661","b9cb840bcb0a2e4eeb28443da180c7c42f1c8475b4ff50c3f84f74ba6b71b5e2",338,"known_glmGamPoi_native_fallback",10,TRUE,FALSE,FALSE,FALSE,FALSE,"closed",FALSE,"mv08p_original_v1",1
"mv08p_source_production_resource_v1",93,"SRA779509_SRS3805248","internal124","primary90",4536,"completed",0,616.131486654282,4568354816,1800,12884901888,15641386,"e8c83be92ea70f74aa5b88de49a17b66f4cb735b132a31eee4e05f929deba627","40ef375b81391aafb9bc8dc46eb8358322c93dce43bb570555808a850d051f2e",338,"known_glmGamPoi_native_fallback",10,TRUE,FALSE,FALSE,FALSE,FALSE,"closed",FALSE,"mv08p_original_v1",1
"mv08p_source_production_resource_v1",94,"SRA779509_SRS3805256","internal124","primary90",4564,"completed",0,484.555239439011,5196443648,1800,12884901888,15641386,"7b9535af7cac77d1c14061acdf6a20efb302f2d409466368e09f3d718eeb8b46","978b3dd9419af9c14e81255eca3191ab826172fb6547f31d8d03754a2fbf4de0",338,"known_glmGamPoi_native_fallback",10,TRUE,FALSE,FALSE,FALSE,FALSE,"closed",FALSE,"mv08p_original_v1",1
"mv08p_source_production_resource_v1",95,"SRA826293_SRS4181128","internal124","primary90",4681,"completed",0,432.124318122864,8000090112,1800,12884901888,15641386,"36104cad62fb7bdffe1deeb6351b55ccba08360ae52175eb241518b5c76f9609","bcc4b7b9273a13434388b1f9035173c0e9a6577f0fc029978872fea4cf2dc254",338,"known_glmGamPoi_native_fallback",10,TRUE,FALSE,FALSE,FALSE,FALSE,"closed",FALSE,"mv08p_original_v1",1
"mv08p_source_production_resource_v1",96,"SRA742961_SRS3565205","internal124","added34",4751,"completed",0,394.406983137131,5772992512,1800,12884901888,15641386,"48921f6cb9fb5012455934cf1c4304e6913b8ae384f734920ab1e5847ed182b0","f197cdc8250a5973ea079ad915f4f02507baf2ea6d3e4981b4dee566757030c1",338,"known_glmGamPoi_native_fallback",10,TRUE,FALSE,FALSE,FALSE,FALSE,"closed",FALSE,"mv08p_original_v1",1
"mv08p_source_production_resource_v1",97,"SRA742961_SRS3565204","internal124","added34",4900,"completed",0,389.267195224762,6011588608,1800,12884901888,15641386,"f69035aca0d803778c8e69b708d7863122af6fa1392e9d3076949eab0d1e1c19","6516a759a549a24cd49cd030230e30e5a1d4517f1ddc04874af7da88a8fb3f7d",338,"known_glmGamPoi_native_fallback",10,TRUE,FALSE,FALSE,FALSE,FALSE,"closed",FALSE,"mv08p_original_v1",1
"mv08p_source_production_resource_v1",98,"SRA779509_SRS3805268","internal124","primary90",5042,"completed",0,606.501044511795,6085033984,1800,12884901888,15641386,"9d03def3bfac1f93692b13fd8aa49d82c0a0e3884eebd74edef4615844c30a50","fe218626ab8b49a2947d0fd06810b12cffaa7eda92fbe8eb807227bbcde86312",338,"known_glmGamPoi_native_fallback",10,TRUE,FALSE,FALSE,FALSE,FALSE,"closed",FALSE,"mv08p_original_v1",1
"mv08p_source_production_resource_v1",99,"SRA779509_SRS3805252","internal124","primary90",5071,"completed",0,618.258012056351,5054951424,1800,12884901888,15641386,"f0443a075078d153d87f1869c3a4c8e97b9dc234c8f8b283b2b247d683f52472","4337b7a852c17ece7dcba576ecaae8cb07b2ae7301b052f93758c985fb20af5e",338,"known_glmGamPoi_native_fallback",10,TRUE,FALSE,FALSE,FALSE,FALSE,"closed",FALSE,"mv08p_original_v1",1
"mv08p_source_production_resource_v1",100,"SRA779509_SRS3805263","internal124","primary90",5200,"completed",0,665.562591075897,5386706944,1800,12884901888,15641386,"3dcc211ff7ad545eb80ad2988a520f9c74f9638afac611647381806b0f5e52bd","4f62dceb3f98c6842894fb49cedb91f63334290e1e098c2acdc826f89bf6ea61",338,"known_glmGamPoi_native_fallback",10,TRUE,FALSE,FALSE,FALSE,FALSE,"closed",FALSE,"mv08p_original_v1",1
"mv08p_source_production_resource_v1",101,"SRA779509_SRS3805269","internal124","primary90",5226,"completed",0,655.590037345886,5548818432,1800,12884901888,15641386,"cc0a4d184635cb3e3d0caecfed0ceb82a8ea037f71b2f6e999ead6dc2684e4e1","16ec1452801cbf6dcceff5b1b1f674b1a70bb9d0ca0886fa1eb514ececb78929",338,"known_glmGamPoi_native_fallback",10,TRUE,FALSE,FALSE,FALSE,FALSE,"closed",FALSE,"mv08p_original_v1",1
"mv08p_source_production_resource_v1",102,"SRA826293_SRS4181127","internal124","primary90",5276,"completed",0,521.37420129776,7738712064,1800,12884901888,15641386,"1d9c61d54c560680d4ce255181ad65ea15836d2e08288c34c0704a33cdf098a0","e7ca68e1c28d6679fcad1b98a4961eb72235dd37e928a2bebbf69b1f3f8120ee",338,"known_glmGamPoi_native_fallback",10,TRUE,FALSE,FALSE,FALSE,FALSE,"closed",FALSE,"mv08p_original_v1",1
"mv08p_source_production_resource_v1",103,"SRA779509_SRS3805258","internal124","primary90",5403,"completed",0,578.81374335289,5628055552,1800,12884901888,15641386,"7d19f06e1749afe0e8f68708b05eb0ee073678698883c32279a33b58725a8c8a","6838533bb381d7aa8d060ea881a5cef6da9812bb8c5e5546f5fa9332aa57d34c",338,"known_glmGamPoi_native_fallback",10,TRUE,FALSE,FALSE,FALSE,FALSE,"closed",FALSE,"mv08p_original_v1",1
"mv08p_source_production_resource_v1",104,"SRA779509_SRS3805246","internal124","primary90",5413,"completed",0,675.767304182053,5403250688,1800,12884901888,15641386,"e0f8ea69dac20ea8ad824a88b6eb326226bd13902976c821ace66cc151572ed4","484a97084a305b3f641a3558762802a52ef67aa93ba8c9bb85c6c15c9cd71be1",338,"known_glmGamPoi_native_fallback",10,TRUE,FALSE,FALSE,FALSE,FALSE,"closed",FALSE,"mv08p_original_v1",1
"mv08p_source_production_resource_v1",105,"SRA779509_SRS3805247","internal124","primary90",5416,"completed",0,651.583790302277,5989519360,1800,12884901888,15641386,"d7a4dfae2dbb54b42cca0634bf6aa87d868373a26b1d3dae588f08c02b16f7f2","5861ad15437906bbe8189af324211fd226f9ee4bef40f9df6ac78d5609ad286c",338,"known_glmGamPoi_native_fallback",10,TRUE,FALSE,FALSE,FALSE,FALSE,"closed",FALSE,"mv08p_original_v1",1
"mv08p_source_production_resource_v1",106,"SRA742961_SRS3565210","internal124","added34",5566,"completed",0,435.768037080765,6645186560,1800,12884901888,15641386,"b96e0ccbaed7b394913a3b334cf46ba67eb0809a7b8cd0dad7a9da7f65ddb011","c9bf3cd3d786c3758b69a38a418a39ce468ea42861f4405389731d1928440d1c",338,"known_glmGamPoi_native_fallback",10,TRUE,FALSE,FALSE,FALSE,FALSE,"closed",FALSE,"mv08p_original_v1",1
"mv08p_source_production_resource_v1",107,"SRA779509_SRS3805266","internal124","primary90",5590,"completed",0,610.737339735031,6298566656,1800,12884901888,15641386,"00cd424e31e045dd12f63e0b33d0d0e1a331e354989c462e1d3dab1b87cb0545","23f836263d455bf2c52de310bb31947823c5b35e5e3b70da9d6c4bd07e139ca2",338,"known_glmGamPoi_native_fallback",10,TRUE,FALSE,FALSE,FALSE,FALSE,"closed",FALSE,"mv08p_original_v1",1
"mv08p_source_production_resource_v1",108,"SRA779509_SRS3805265","internal124","primary90",5646,"completed",0,542.772943735123,5857988608,1800,12884901888,15641386,"8832d7d650cec675df81226488bcc8d9eecf49723ba0fe81f308f7f615cf07df","ac0c7071ed46b47501cbcd3bcf1cf1804792e7d7898859a2f51f867ad7a66ae7",338,"known_glmGamPoi_native_fallback",10,TRUE,FALSE,FALSE,FALSE,FALSE,"closed",FALSE,"mv08p_original_v1",1
"mv08p_source_production_resource_v1",109,"SRA779509_SRS3805245","internal124","primary90",5651,"completed",0,643.45175075531,6558527488,1800,12884901888,15641386,"28f45338a00867bcb6e8c87e890cc518b027a91ddba4575f973f9fa8edaad505","968f6e286235c8cc39f333f7a4b3b302c8730d50b3976baf59ca0ef8fce9da43",338,"known_glmGamPoi_native_fallback",10,TRUE,FALSE,FALSE,FALSE,FALSE,"closed",FALSE,"mv08p_original_v1",1
"mv08p_source_production_resource_v1",110,"SRA703206_SRS3296612","internal124","primary90",5705,"completed",0,549.283222675323,6989287424,1800,12884901888,15641386,"a691f396f62337f5e62a9095804eff22df43acf0d5a6191af43b700efc7f7ba3","8e627a2c3d99df899472a53e0fcaa935864b391cb56e6383f8130e3418d5519c",338,"known_glmGamPoi_native_fallback",10,TRUE,FALSE,FALSE,FALSE,FALSE,"closed",FALSE,"mv08p_original_v1",1
"mv08p_source_production_resource_v1",111,"SRA742961_SRS3565195","internal124","added34",5718,"completed",0,381.29363489151,6263685120,1800,12884901888,15641386,"338c7825e1617f7ba8aca693d9b0c7079a8757d15f6ddab996800fad807255cc","f153c89eaaa666bd39564c4f3371c9fc0b67087db830ad03009f69471f686ee1",338,"known_glmGamPoi_native_fallback",10,TRUE,FALSE,FALSE,FALSE,FALSE,"closed",FALSE,"mv08p_original_v1",1
"mv08p_source_production_resource_v1",112,"SRA742961_SRS3565202","internal124","added34",5748,"completed",0,492.940445899963,6914093056,1800,12884901888,15641386,"3fe4222f57a2ea8f9743ac2c6cb67de0e789c7565a69138e55da8140ea73a347","58741789d9ab77249e0c3259ef301a66464881eb673c4f1b647922e7abb8c0ab",338,"known_glmGamPoi_native_fallback",10,TRUE,FALSE,FALSE,FALSE,FALSE,"closed",FALSE,"mv08p_original_v1",1
"mv08p_source_production_resource_v1",113,"SRA779509_SRS3805259","internal124","primary90",5868,"completed",0,569.849863290787,5958832128,1800,12884901888,15641386,"09753ddb28932e36a3c6c81f557b3e09e09dfff3010a0c3811e71a4d068435ef","b0a1849c86ba6468b3670025573ac4beee725c68785d8d718a9cd4933307141b",338,"known_glmGamPoi_native_fallback",10,TRUE,FALSE,FALSE,FALSE,FALSE,"closed",FALSE,"mv08p_original_v1",1
"mv08p_source_production_resource_v1",114,"SRA742961_SRS3565211","internal124","added34",5981,"completed",0,438.451938867569,8454627328,1800,12884901888,15641386,"8a7e5d700c83896b6ee3b6711c2384fdd6f17a88ea3e40e7a731e90d8a0cfcaf","4b1f0c0b95ab9c54b4649f897cc54e0c5c6841a294ed68717f9d212bd9d64ed4",338,"known_glmGamPoi_native_fallback",10,TRUE,FALSE,FALSE,FALSE,FALSE,"closed",FALSE,"mv08p_original_v1",1
"mv08p_source_production_resource_v1",115,"SRA779509_SRS3805262","internal124","primary90",6124,"completed",0,661.082988262177,7441678336,1800,12884901888,15641386,"d0d6f56917a8ad31e43965c7e8d5d8a8e3e67436e54cacec785b01f7da571515","bab8f739437c58b4378e03131809ab6359a5aac1d4c7b8a7a6171652128800a2",338,"known_glmGamPoi_native_fallback",10,TRUE,FALSE,FALSE,FALSE,FALSE,"closed",FALSE,"mv08p_original_v1",1
"mv08p_source_production_resource_v1",116,"SRA742961_SRS3565207","internal124","added34",6257,"completed",0,445.232610464096,7580549120,1800,12884901888,15641386,"62b67e4f6d736485a80a615bd35be2a0d2c71ccbce2b0d7f92f2ab1d2ec9d9d3","3873ccd6ab8fb9c0b1df1ee135a96669bf92ae72ba1bd326a9ddfbcddddacbd1",338,"known_glmGamPoi_native_fallback",10,TRUE,FALSE,FALSE,FALSE,FALSE,"closed",FALSE,"mv08p_original_v1",1
"mv08p_source_production_resource_v1",117,"SRA742961_SRS3565203","internal124","added34",6335,"completed",0,386.250605583191,7713779712,1800,12884901888,15641386,"16cc720320ac99fafd0466eb4b10c64730623481d7add24e8d225be69e849907","2cfe4ba47ae385241742739895433bcd2464f308315015b95f2631343394893e",338,"known_glmGamPoi_native_fallback",10,TRUE,FALSE,FALSE,FALSE,FALSE,"closed",FALSE,"mv08p_original_v1",1
"mv08p_source_production_resource_v1",118,"SRA742961_SRS3565206","internal124","added34",6956,"completed",0,421.010917186737,7204139008,1800,12884901888,15641386,"57a60db39cfc8136b4acd498fa4b3de34ceb0feb55fc5cf55dbf7795c6734f9c","000805cf14cec2eb93507acc6872cc1fd65e6d8a19fe66b72ca317169bcfd169",338,"known_glmGamPoi_native_fallback",10,TRUE,FALSE,FALSE,FALSE,FALSE,"closed",FALSE,"mv08p_original_v1",1
"mv08p_source_production_resource_v1",119,"SRA742961_SRS3565209","internal124","added34",7044,"completed",0,404.635663509369,7843631104,1800,12884901888,15641386,"52052a85c231f5299dd0dd723eb4bec7f933d9f1f101f20877c3eb93195f828e","77519c3d6d9ab79bacbd9051a6dde99b6dee9ba5a6cc84c0815f3d49111a9133",338,"known_glmGamPoi_native_fallback",10,TRUE,FALSE,FALSE,FALSE,FALSE,"closed",FALSE,"mv08p_original_v1",1
"mv08p_source_production_resource_v1",120,"SRA779509_SRS3805255","internal124","primary90",7261,"completed",0,519.699268817902,7573086208,1800,12884901888,15641386,"25fb8aa00362a880741d45f8da8c02620cb26badab33602b095a6a82b82e832d","1e699a11f62dcf9a8bf00a8daa3a7e0590d084e108374f5482d6a17d46754fdc",338,"known_glmGamPoi_native_fallback",10,TRUE,FALSE,FALSE,FALSE,FALSE,"closed",FALSE,"mv08p_original_v1",1
"mv08p_source_production_resource_v1",121,"SRA742961_SRS3565198","internal124","added34",7396,"completed",0,380.184446811676,8010686464,1800,12884901888,15641386,"8a46dc92b530935b3867b13ae9f3c66c11f0ef09cd7ffa6f05d093a4184c8926","08547d719cf50f9424630437f5763c31acd1328d2195996bd6b2faf23ba2dc04",338,"known_glmGamPoi_native_fallback",10,TRUE,FALSE,FALSE,FALSE,FALSE,"closed",FALSE,"mv08p_original_v1",1
"mv08p_source_production_resource_v1",122,"SRA742961_SRS3565201","internal124","added34",7482,"completed",0,448.84451508522,8184135680,1800,12884901888,15641386,"b357808aaa67b822c330e421d6f1d0bab92967e80ac84d5c6133049b2a9b53e6","e3f4227f54d5ca148d2e9c97c135528cb13fa8d78453d751d694cd6597c21c96",338,"known_glmGamPoi_native_fallback",10,TRUE,FALSE,FALSE,FALSE,FALSE,"closed",FALSE,"mv08p_original_v1",1
"mv08p_source_production_resource_v1",123,"SRA742961_SRS3565196","internal124","added34",7791,"completed",0,393.947469711304,8740515840,1800,12884901888,15641386,"05264945e8ec1333d84da5b10b89908f1e571ff3b7a30704564dd2ecb571e58c","32665ddedc76d7f7c9ea749a8079cdeded9f520773c27de25e8f28ffaa169ad0",338,"known_glmGamPoi_native_fallback",10,TRUE,FALSE,FALSE,FALSE,FALSE,"closed",FALSE,"mv08p_original_v1",1
"mv08pr_source_production_resource_v1",124,"SRA760933_SRS3693061","internal124","primary90",7942,"completed",0,424.878705263138,11518746624,1800,12884901888,15641439,"b25c89fb5efe2873b370855b2d2dfee310f1eaa8aeb137931432a6c0fe293963","a7cd2c3529a987d23c3e6383eea0e70e93d1f107b2e1221fc5221320222c9276",338,"known_glmGamPoi_native_fallback",10,TRUE,FALSE,FALSE,FALSE,FALSE,"closed",FALSE,"mv08pr_overlay_v1",2
"mv08ps_source_production_resource_v1",125,"SRA826293_SRS4181130","internal124","primary90",7965,"completed",0,612.741968870163,13305700352,1800,15032385536,15641439,"32b04aeeb38a8a382ff1a5ede59799a9d070dbfb6f304d1306a9870f4bcb6016","892becaf6424ac95f4f8143576e8d99575b1593db35a16877aa6ec7f4f43c6b7",338,"known_glmGamPoi_native_fallback",10,TRUE,FALSE,FALSE,FALSE,FALSE,"closed",FALSE,"mv08ps_overlay_v1",2
"mv08ps_source_production_resource_v1",126,"SRA742961_SRS3565199","internal124","added34",8050,"completed",0,494.135811328888,9107603456,1800,15032385536,15641439,"9d91b5844f1b5345b349a1c3fd4e02923caf0c92c569743a4ce88731d84cf201","d7211f1bc193f5b05421e892224624d1b8945421615c2f4d652d91f853c0321f",338,"known_glmGamPoi_native_fallback",10,TRUE,FALSE,FALSE,FALSE,FALSE,"closed",FALSE,"mv08ps_overlay_v1",1
"mv08ps_source_production_resource_v1",127,"SRA742961_SRS3565208","internal124","added34",8118,"completed",0,402.516861915588,10255511552,1800,15032385536,15641439,"c291c97d59b243bda18cc7aaeaf0443fd5554cc48c94fd9a67ecc8342649e30c","92b20e1f01123ffc98e13c48952cac3731225e81a740325490418beb62f53c85",338,"known_glmGamPoi_native_fallback",10,TRUE,FALSE,FALSE,FALSE,FALSE,"closed",FALSE,"mv08ps_overlay_v1",1
"mv08ps_source_production_resource_v1",128,"SRA550660_SRS2089639","internal124","primary90",8839,"completed",0,468.40473818779,7138304000,1800,15032385536,15633759,"5bd4914ab42f20be7e0dda26f7b2c22b5279c340a06637879477610d87049840","015c4e9674a63e050b6115b01378ed5f73d694fffaf240a1d1ba84178e85e6fb",338,"known_glmGamPoi_native_fallback",10,TRUE,FALSE,FALSE,FALSE,FALSE,"closed",FALSE,"mv08ps_overlay_v1",1
"mv08ps_source_production_resource_v1",129,"SRA550660_SRS2089637","internal124","primary90",9071,"completed",0,426.617545366287,7768559616,1800,15032385536,15633759,"53d2b6df871e90f0bbc38c9d97befb61be26debf51f5d16f845c3d2428b884ec","4a96372dc19cf251964508d72993aefbb5a4f2daf29861f9b211e662ad0daa6d",338,"known_glmGamPoi_native_fallback",10,TRUE,FALSE,FALSE,FALSE,FALSE,"closed",FALSE,"mv08ps_overlay_v1",1
