"contract_id","case","expected_squared_distance","observed_squared_distance","absolute_error","acceptance_threshold","status","engine_version","rust_used","fallback_used","passed"
"mv08y_fixture_summary_v1","single_tent",0.666666666666667,0.666666666666667,0,1e-12,0,1,TRUE,FALSE,TRUE
"mv08y_fixture_summary_v1","sign_changing_tents",0.109375,0.109375,0,1e-12,0,1,TRUE,FALSE,TRUE
"mv08y_fixture_summary_v1","narrow_feature",6.66666666666667e-10,6.66666666666669e-10,1.75775880167518e-24,1e-12,0,1,TRUE,FALSE,TRUE
"mv08y_fixture_summary_v1","duplicate_tents",1.33333333333333,1.33333333333333,0,1e-12,0,1,TRUE,FALSE,TRUE
"mv08y_fixture_summary_v1","empty_pair",0,0,0,1e-12,0,1,TRUE,FALSE,TRUE
"mv08y_fixture_summary_v1","unequal_depth",0.0833333333333333,0.0833333333333333,0,1e-12,0,1,TRUE,FALSE,TRUE
"mv08y_fixture_summary_v1","multi_interval_self",0,0,0,1e-12,0,1,TRUE,FALSE,TRUE
"mv08y_fixture_summary_v1","missing_library_fallback",0.666666666666667,0.666666666666667,0,0,9001,1,FALSE,TRUE,TRUE
"mv08y_fixture_summary_v1","corrupt_library_fallback",0.666666666666667,0.666666666666667,0,0,9001,1,FALSE,TRUE,TRUE
