"contract_id","panel_sha256","panel_order","feature_id","gene","category","median_variance_rank","minimum_variance","finite_cache_count","positive_cache_count","selected_all_cache_core"
"mv06c_global_core_panel_v1","7be22cdb9056fed427c78d58be2b19e258c7c6807e6f7ac3900bd1bfa1d19eb8",1,"CD74-ENSG00000019582.14","CD74","retained_candidate",7,0.0215215979635356,450,450,TRUE
"mv06c_global_core_panel_v1","7be22cdb9056fed427c78d58be2b19e258c7c6807e6f7ac3900bd1bfa1d19eb8",2,"S100A6-ENSG00000197956.9","S100A6","retained_candidate",8,0.0192348465102152,450,450,TRUE
"mv06c_global_core_panel_v1","7be22cdb9056fed427c78d58be2b19e258c7c6807e6f7ac3900bd1bfa1d19eb8",3,"MALAT1-ENSG00000251562.7","MALAT1","retained_candidate",9,0.0763704370195278,450,450,TRUE
"mv06c_global_core_panel_v1","7be22cdb9056fed427c78d58be2b19e258c7c6807e6f7ac3900bd1bfa1d19eb8",4,"TMSB4X-ENSG00000205542.10","TMSB4X","retained_candidate",9,0.0656284341777183,450,450,TRUE
"mv06c_global_core_panel_v1","7be22cdb9056fed427c78d58be2b19e258c7c6807e6f7ac3900bd1bfa1d19eb8",5,"FTL-ENSG00000087086.14","FTL","retained_candidate",12,0.215871578466896,450,450,TRUE
"mv06c_global_core_panel_v1","7be22cdb9056fed427c78d58be2b19e258c7c6807e6f7ac3900bd1bfa1d19eb8",6,"LGALS1-ENSG00000100097.11","LGALS1","retained_candidate",15,0.0282564968745486,450,450,TRUE
"mv06c_global_core_panel_v1","7be22cdb9056fed427c78d58be2b19e258c7c6807e6f7ac3900bd1bfa1d19eb8",7,"JUN-ENSG00000177606.6","JUN","retained_candidate",16,0.0583757330001019,450,450,TRUE
"mv06c_global_core_panel_v1","7be22cdb9056fed427c78d58be2b19e258c7c6807e6f7ac3900bd1bfa1d19eb8",8,"JUNB-ENSG00000171223.5","JUNB","retained_candidate",17,0.0235901933446848,450,450,TRUE
"mv06c_global_core_panel_v1","7be22cdb9056fed427c78d58be2b19e258c7c6807e6f7ac3900bd1bfa1d19eb8",9,"FOS-ENSG00000170345.9","FOS","retained_candidate",20,0.0098264976736969,450,450,TRUE
"mv06c_global_core_panel_v1","7be22cdb9056fed427c78d58be2b19e258c7c6807e6f7ac3900bd1bfa1d19eb8",10,"VIM-ENSG00000026025.15","VIM","retained_candidate",20,0.0351185666426551,450,450,TRUE
"mv06c_global_core_panel_v1","7be22cdb9056fed427c78d58be2b19e258c7c6807e6f7ac3900bd1bfa1d19eb8",11,"NEAT1-ENSG00000245532.7","NEAT1","retained_candidate",24,0.0385705354020624,450,450,TRUE
"mv06c_global_core_panel_v1","7be22cdb9056fed427c78d58be2b19e258c7c6807e6f7ac3900bd1bfa1d19eb8",12,"SAT1-ENSG00000130066.16","SAT1","retained_candidate",24,0.0288000011606755,450,450,TRUE
"mv06c_global_core_panel_v1","7be22cdb9056fed427c78d58be2b19e258c7c6807e6f7ac3900bd1bfa1d19eb8",13,"ACTB-ENSG00000075624.13","ACTB","retained_candidate",30,0.167030587813381,450,450,TRUE
"mv06c_global_core_panel_v1","7be22cdb9056fed427c78d58be2b19e258c7c6807e6f7ac3900bd1bfa1d19eb8",14,"BTG1-ENSG00000133639.4","BTG1","retained_candidate",31.5,0.168732371242657,450,450,TRUE
"mv06c_global_core_panel_v1","7be22cdb9056fed427c78d58be2b19e258c7c6807e6f7ac3900bd1bfa1d19eb8",15,"B2M-ENSG00000166710.17","B2M","retained_candidate",34,0.0713552879934295,450,450,TRUE
"mv06c_global_core_panel_v1","7be22cdb9056fed427c78d58be2b19e258c7c6807e6f7ac3900bd1bfa1d19eb8",16,"CST3-ENSG00000101439.8","CST3","retained_candidate",35,0.0110254087927949,450,450,TRUE
"mv06c_global_core_panel_v1","7be22cdb9056fed427c78d58be2b19e258c7c6807e6f7ac3900bd1bfa1d19eb8",17,"DUSP1-ENSG00000120129.5","DUSP1","retained_candidate",38,0.0421107038639836,450,450,TRUE
"mv06c_global_core_panel_v1","7be22cdb9056fed427c78d58be2b19e258c7c6807e6f7ac3900bd1bfa1d19eb8",18,"TMSB10-ENSG00000034510.5","TMSB10","retained_candidate",41,0.0799699729655348,450,450,TRUE
"mv06c_global_core_panel_v1","7be22cdb9056fed427c78d58be2b19e258c7c6807e6f7ac3900bd1bfa1d19eb8",19,"HLA-A-ENSG00000206503.12","HLA-A","retained_candidate",44,0.0816486894284496,450,450,TRUE
"mv06c_global_core_panel_v1","7be22cdb9056fed427c78d58be2b19e258c7c6807e6f7ac3900bd1bfa1d19eb8",20,"ZFP36L2-ENSG00000152518.7","ZFP36L2","retained_candidate",46.5,0.0399615374731195,450,450,TRUE
"mv06c_global_core_panel_v1","7be22cdb9056fed427c78d58be2b19e258c7c6807e6f7ac3900bd1bfa1d19eb8",21,"HLA-B-ENSG00000234745.10","HLA-B","retained_candidate",50,0.0675178389357892,450,450,TRUE
"mv06c_global_core_panel_v1","7be22cdb9056fed427c78d58be2b19e258c7c6807e6f7ac3900bd1bfa1d19eb8",22,"ACTG1-ENSG00000184009.9","ACTG1","retained_candidate",51,0.152664621144941,450,450,TRUE
"mv06c_global_core_panel_v1","7be22cdb9056fed427c78d58be2b19e258c7c6807e6f7ac3900bd1bfa1d19eb8",23,"HLA-C-ENSG00000204525.16","HLA-C","retained_candidate",51,0.0444403820596065,450,450,TRUE
"mv06c_global_core_panel_v1","7be22cdb9056fed427c78d58be2b19e258c7c6807e6f7ac3900bd1bfa1d19eb8",24,"NFKBIA-ENSG00000100906.10","NFKBIA","retained_candidate",58,0.0367834353044666,450,450,TRUE
"mv06c_global_core_panel_v1","7be22cdb9056fed427c78d58be2b19e258c7c6807e6f7ac3900bd1bfa1d19eb8",25,"S100A10-ENSG00000197747.8","S100A10","retained_candidate",59,0.111828638920671,450,450,TRUE
"mv06c_global_core_panel_v1","7be22cdb9056fed427c78d58be2b19e258c7c6807e6f7ac3900bd1bfa1d19eb8",26,"HLA-E-ENSG00000204592.8","HLA-E","retained_candidate",65.5,0.0110254087927949,450,450,TRUE
"mv06c_global_core_panel_v1","7be22cdb9056fed427c78d58be2b19e258c7c6807e6f7ac3900bd1bfa1d19eb8",27,"HSP90AA1-ENSG00000080824.18","HSP90AA1","retained_candidate",70.5,0.147455602389419,450,450,TRUE
"mv06c_global_core_panel_v1","7be22cdb9056fed427c78d58be2b19e258c7c6807e6f7ac3900bd1bfa1d19eb8",28,"CYBA-ENSG00000051523.10","CYBA","retained_candidate",71.5,0.0098264976736969,450,450,TRUE
"mv06c_global_core_panel_v1","7be22cdb9056fed427c78d58be2b19e258c7c6807e6f7ac3900bd1bfa1d19eb8",29,"PTMA-ENSG00000187514.16","PTMA","retained_candidate",72,0.169631665748804,450,450,TRUE
"mv06c_global_core_panel_v1","7be22cdb9056fed427c78d58be2b19e258c7c6807e6f7ac3900bd1bfa1d19eb8",30,"PFN1-ENSG00000108518.7","PFN1","retained_candidate",74.5,0.0748430857583717,450,450,TRUE
"mv06c_global_core_panel_v1","7be22cdb9056fed427c78d58be2b19e258c7c6807e6f7ac3900bd1bfa1d19eb8",31,"LRRC75A-AS1-ENSG00000175061.17","LRRC75A-AS1","retained_candidate",77,0.1142316708516,450,450,TRUE
"mv06c_global_core_panel_v1","7be22cdb9056fed427c78d58be2b19e258c7c6807e6f7ac3900bd1bfa1d19eb8",32,"HMGB1-ENSG00000189403.14","HMGB1","retained_candidate",78,0.176567552250638,450,450,TRUE
"mv06c_global_core_panel_v1","7be22cdb9056fed427c78d58be2b19e258c7c6807e6f7ac3900bd1bfa1d19eb8",33,"MYL6-ENSG00000092841.18","MYL6","retained_candidate",78,0.118274753091302,450,450,TRUE
"mv06c_global_core_panel_v1","7be22cdb9056fed427c78d58be2b19e258c7c6807e6f7ac3900bd1bfa1d19eb8",34,"GAS5-ENSG00000234741.7","GAS5","retained_candidate",83,0.103470443156326,450,450,TRUE
"mv06c_global_core_panel_v1","7be22cdb9056fed427c78d58be2b19e258c7c6807e6f7ac3900bd1bfa1d19eb8",35,"YBX1-ENSG00000065978.18","YBX1","retained_candidate",90,0.0588350732240454,450,450,TRUE
"mv06c_global_core_panel_v1","7be22cdb9056fed427c78d58be2b19e258c7c6807e6f7ac3900bd1bfa1d19eb8",36,"MTATP6P1-ENSG00000248527.1","MTATP6P1","retained_candidate",93.5,0.104165394109758,450,450,TRUE
"mv06c_global_core_panel_v1","7be22cdb9056fed427c78d58be2b19e258c7c6807e6f7ac3900bd1bfa1d19eb8",37,"ZFP36-ENSG00000128016.5","ZFP36","retained_candidate",98,0.00928188175357663,450,450,TRUE
"mv06c_global_core_panel_v1","7be22cdb9056fed427c78d58be2b19e258c7c6807e6f7ac3900bd1bfa1d19eb8",38,"IER2-ENSG00000160888.6","IER2","retained_candidate",106.5,0.0367683464775817,450,450,TRUE
"mv06c_global_core_panel_v1","7be22cdb9056fed427c78d58be2b19e258c7c6807e6f7ac3900bd1bfa1d19eb8",39,"NPM1-ENSG00000181163.13","NPM1","retained_candidate",106.5,0.200956580298214,450,450,TRUE
"mv06c_global_core_panel_v1","7be22cdb9056fed427c78d58be2b19e258c7c6807e6f7ac3900bd1bfa1d19eb8",40,"ANXA1-ENSG00000135046.13","ANXA1","retained_candidate",107.5,0.00862105297901799,450,450,TRUE
"mv06c_global_core_panel_v1","7be22cdb9056fed427c78d58be2b19e258c7c6807e6f7ac3900bd1bfa1d19eb8",41,"H3F3B-ENSG00000132475.10","H3F3B","retained_candidate",110,0.130992273517754,450,450,TRUE
"mv06c_global_core_panel_v1","7be22cdb9056fed427c78d58be2b19e258c7c6807e6f7ac3900bd1bfa1d19eb8",42,"ITM2B-ENSG00000136156.12","ITM2B","retained_candidate",110.5,0.163942477580555,450,450,TRUE
"mv06c_global_core_panel_v1","7be22cdb9056fed427c78d58be2b19e258c7c6807e6f7ac3900bd1bfa1d19eb8",43,"HNRNPA1-ENSG00000135486.17","HNRNPA1","retained_candidate",111.5,0.129024908136171,450,450,TRUE
"mv06c_global_core_panel_v1","7be22cdb9056fed427c78d58be2b19e258c7c6807e6f7ac3900bd1bfa1d19eb8",44,"CFL1-ENSG00000172757.12","CFL1","retained_candidate",115.5,0.103163560352597,450,450,TRUE
"mv06c_global_core_panel_v1","7be22cdb9056fed427c78d58be2b19e258c7c6807e6f7ac3900bd1bfa1d19eb8",45,"ID2-ENSG00000115738.9","ID2","retained_candidate",116.5,0.0288159611031638,450,450,TRUE
"mv06c_global_core_panel_v1","7be22cdb9056fed427c78d58be2b19e258c7c6807e6f7ac3900bd1bfa1d19eb8",46,"EEF1B2-ENSG00000114942.13","EEF1B2","retained_candidate",121,0.072090502668786,450,450,TRUE
"mv06c_global_core_panel_v1","7be22cdb9056fed427c78d58be2b19e258c7c6807e6f7ac3900bd1bfa1d19eb8",47,"CALM2-ENSG00000143933.16","CALM2","retained_candidate",121.5,0.157087995554434,450,450,TRUE
"mv06c_global_core_panel_v1","7be22cdb9056fed427c78d58be2b19e258c7c6807e6f7ac3900bd1bfa1d19eb8",48,"AP001324.1-ENSG00000227615.1","AP001324.1","retained_candidate",122.5,0.105992840271454,450,450,TRUE
"mv06c_global_core_panel_v1","7be22cdb9056fed427c78d58be2b19e258c7c6807e6f7ac3900bd1bfa1d19eb8",49,"TSC22D3-ENSG00000157514.16","TSC22D3","retained_candidate",122.5,0.0170918337196749,450,450,TRUE
"mv06c_global_core_panel_v1","7be22cdb9056fed427c78d58be2b19e258c7c6807e6f7ac3900bd1bfa1d19eb8",50,"OAZ1-ENSG00000104904.12","OAZ1","retained_candidate",123.5,0.0728079098621018,450,450,TRUE
"mv06c_global_core_panel_v1","7be22cdb9056fed427c78d58be2b19e258c7c6807e6f7ac3900bd1bfa1d19eb8",51,"EEF1A1-ENSG00000156508.17","EEF1A1","retained_candidate",124.5,0.106762750191861,450,450,TRUE
"mv06c_global_core_panel_v1","7be22cdb9056fed427c78d58be2b19e258c7c6807e6f7ac3900bd1bfa1d19eb8",52,"MYL12A-ENSG00000101608.12","MYL12A","retained_candidate",125,0.126391610779557,450,450,TRUE
"mv06c_global_core_panel_v1","7be22cdb9056fed427c78d58be2b19e258c7c6807e6f7ac3900bd1bfa1d19eb8",53,"AC073861.1-ENSG00000242299.1","AC073861.1","retained_candidate",125.5,0.0982857783295492,450,450,TRUE
"mv06c_global_core_panel_v1","7be22cdb9056fed427c78d58be2b19e258c7c6807e6f7ac3900bd1bfa1d19eb8",54,"CALM1-ENSG00000198668.10","CALM1","retained_candidate",126,0.170050126191831,450,450,TRUE
"mv06c_global_core_panel_v1","7be22cdb9056fed427c78d58be2b19e258c7c6807e6f7ac3900bd1bfa1d19eb8",55,"PABPC1-ENSG00000070756.15","PABPC1","retained_candidate",127,0.135471217755038,450,450,TRUE
"mv06c_global_core_panel_v1","7be22cdb9056fed427c78d58be2b19e258c7c6807e6f7ac3900bd1bfa1d19eb8",56,"HNRNPH1-ENSG00000169045.17","HNRNPH1","retained_candidate",132.5,0.00740907470875816,450,450,TRUE
"mv06c_global_core_panel_v1","7be22cdb9056fed427c78d58be2b19e258c7c6807e6f7ac3900bd1bfa1d19eb8",57,"HMGB2-ENSG00000164104.11","HMGB2","retained_candidate",136.5,0.0471394295135159,450,450,TRUE
"mv06c_global_core_panel_v1","7be22cdb9056fed427c78d58be2b19e258c7c6807e6f7ac3900bd1bfa1d19eb8",58,"RACK1-ENSG00000204628.11","RACK1","retained_candidate",137,0.051739595202476,450,450,TRUE
"mv06c_global_core_panel_v1","7be22cdb9056fed427c78d58be2b19e258c7c6807e6f7ac3900bd1bfa1d19eb8",59,"AC116533.1-ENSG00000244398.1","AC116533.1","retained_candidate",138.5,0.0776966243578585,450,450,TRUE
"mv06c_global_core_panel_v1","7be22cdb9056fed427c78d58be2b19e258c7c6807e6f7ac3900bd1bfa1d19eb8",60,"ATP5E-ENSG00000124172.9","ATP5E","retained_candidate",144,0.0901185416068342,450,450,TRUE
"mv06c_global_core_panel_v1","7be22cdb9056fed427c78d58be2b19e258c7c6807e6f7ac3900bd1bfa1d19eb8",61,"AC008038.1-ENSG00000283041.1","AC008038.1","retained_candidate",145,0.113763010176079,450,450,TRUE
"mv06c_global_core_panel_v1","7be22cdb9056fed427c78d58be2b19e258c7c6807e6f7ac3900bd1bfa1d19eb8",62,"SNHG5-ENSG00000203875.10","SNHG5","retained_candidate",145,0.0630651720444736,450,450,TRUE
"mv06c_global_core_panel_v1","7be22cdb9056fed427c78d58be2b19e258c7c6807e6f7ac3900bd1bfa1d19eb8",63,"DDX5-ENSG00000108654.13","DDX5","retained_candidate",148,0.160484299210863,450,450,TRUE
"mv06c_global_core_panel_v1","7be22cdb9056fed427c78d58be2b19e258c7c6807e6f7ac3900bd1bfa1d19eb8",64,"CIRBP-ENSG00000099622.13","CIRBP","retained_candidate",151,0.121743059408832,450,450,TRUE
"mv06c_global_core_panel_v1","7be22cdb9056fed427c78d58be2b19e258c7c6807e6f7ac3900bd1bfa1d19eb8",65,"KLF6-ENSG00000067082.14","KLF6","retained_candidate",152.5,0.0320347794830188,450,450,TRUE
"mv06c_global_core_panel_v1","7be22cdb9056fed427c78d58be2b19e258c7c6807e6f7ac3900bd1bfa1d19eb8",66,"SERF2-ENSG00000140264.19","SERF2","retained_candidate",153,0.0929728798607117,450,450,TRUE
"mv06c_global_core_panel_v1","7be22cdb9056fed427c78d58be2b19e258c7c6807e6f7ac3900bd1bfa1d19eb8",67,"TXNIP-ENSG00000265972.5","TXNIP","retained_candidate",153,0.0590444300646376,450,450,TRUE
"mv06c_global_core_panel_v1","7be22cdb9056fed427c78d58be2b19e258c7c6807e6f7ac3900bd1bfa1d19eb8",68,"LDHB-ENSG00000111716.12","LDHB","retained_candidate",153.5,0.0392672688674061,450,450,TRUE
"mv06c_global_core_panel_v1","7be22cdb9056fed427c78d58be2b19e258c7c6807e6f7ac3900bd1bfa1d19eb8",69,"SH3BGRL3-ENSG00000142669.14","SH3BGRL3","retained_candidate",153.5,0.0145829406966034,450,450,TRUE
"mv06c_global_core_panel_v1","7be22cdb9056fed427c78d58be2b19e258c7c6807e6f7ac3900bd1bfa1d19eb8",70,"CDC42-ENSG00000070831.15","CDC42","retained_candidate",155,0.11478741810646,450,450,TRUE
"mv06c_global_core_panel_v1","7be22cdb9056fed427c78d58be2b19e258c7c6807e6f7ac3900bd1bfa1d19eb8",71,"HSP90AB1-ENSG00000096384.19","HSP90AB1","retained_candidate",156,0.138014942028076,450,450,TRUE
"mv06c_global_core_panel_v1","7be22cdb9056fed427c78d58be2b19e258c7c6807e6f7ac3900bd1bfa1d19eb8",72,"EEF2-ENSG00000167658.15","EEF2","retained_candidate",157.5,0.121564636623644,450,450,TRUE
"mv06c_global_core_panel_v1","7be22cdb9056fed427c78d58be2b19e258c7c6807e6f7ac3900bd1bfa1d19eb8",73,"ARPC2-ENSG00000163466.15","ARPC2","retained_candidate",163.5,0.128118705573281,450,450,TRUE
"mv06c_global_core_panel_v1","7be22cdb9056fed427c78d58be2b19e258c7c6807e6f7ac3900bd1bfa1d19eb8",74,"AC016739.1-ENSG00000218175.2","AC016739.1","retained_candidate",167,0.110320548830844,450,450,TRUE
"mv06c_global_core_panel_v1","7be22cdb9056fed427c78d58be2b19e258c7c6807e6f7ac3900bd1bfa1d19eb8",75,"BTF3-ENSG00000145741.15","BTF3","retained_candidate",167.5,0.0768556749087916,450,450,TRUE
"mv06c_global_core_panel_v1","7be22cdb9056fed427c78d58be2b19e258c7c6807e6f7ac3900bd1bfa1d19eb8",76,"EIF3E-ENSG00000104408.9","EIF3E","retained_candidate",167.5,0.143314550299327,450,450,TRUE
"mv06c_global_core_panel_v1","7be22cdb9056fed427c78d58be2b19e258c7c6807e6f7ac3900bd1bfa1d19eb8",77,"HSPA8-ENSG00000109971.13","HSPA8","retained_candidate",168,0.124304688843511,450,450,TRUE
"mv06c_global_core_panel_v1","7be22cdb9056fed427c78d58be2b19e258c7c6807e6f7ac3900bd1bfa1d19eb8",78,"COMMD6-ENSG00000188243.12","COMMD6","retained_candidate",171.5,0.148581476590738,450,450,TRUE
"mv06c_global_core_panel_v1","7be22cdb9056fed427c78d58be2b19e258c7c6807e6f7ac3900bd1bfa1d19eb8",79,"H2AFZ-ENSG00000164032.11","H2AFZ","retained_candidate",177.5,0.12477820972996,450,450,TRUE
"mv06c_global_core_panel_v1","7be22cdb9056fed427c78d58be2b19e258c7c6807e6f7ac3900bd1bfa1d19eb8",80,"NACA-ENSG00000196531.10","NACA","retained_candidate",177.5,0.0799982756028562,450,450,TRUE
"mv06c_global_core_panel_v1","7be22cdb9056fed427c78d58be2b19e258c7c6807e6f7ac3900bd1bfa1d19eb8",81,"TOMM7-ENSG00000196683.10","TOMM7","retained_candidate",178,0.172140408826971,450,450,TRUE
"mv06c_global_core_panel_v1","7be22cdb9056fed427c78d58be2b19e258c7c6807e6f7ac3900bd1bfa1d19eb8",82,"HNRNPA2B1-ENSG00000122566.20","HNRNPA2B1","retained_candidate",179,0.158228932151091,450,450,TRUE
"mv06c_global_core_panel_v1","7be22cdb9056fed427c78d58be2b19e258c7c6807e6f7ac3900bd1bfa1d19eb8",83,"NOP53-ENSG00000105373.18","NOP53","retained_candidate",182.5,0.120312309587633,450,450,TRUE
"mv06c_global_core_panel_v1","7be22cdb9056fed427c78d58be2b19e258c7c6807e6f7ac3900bd1bfa1d19eb8",84,"GSTP1-ENSG00000084207.15","GSTP1","retained_candidate",184.5,0.0699873037752648,450,450,TRUE
"mv06c_global_core_panel_v1","7be22cdb9056fed427c78d58be2b19e258c7c6807e6f7ac3900bd1bfa1d19eb8",85,"IFITM2-ENSG00000185201.16","IFITM2","retained_candidate",184.5,0.0338414441398989,450,450,TRUE
"mv06c_global_core_panel_v1","7be22cdb9056fed427c78d58be2b19e258c7c6807e6f7ac3900bd1bfa1d19eb8",86,"AP005202.1-ENSG00000235552.4","AP005202.1","retained_candidate",185,0.053963973477463,450,450,TRUE
"mv06c_global_core_panel_v1","7be22cdb9056fed427c78d58be2b19e258c7c6807e6f7ac3900bd1bfa1d19eb8",87,"SRP14-ENSG00000140319.10","SRP14","retained_candidate",186,0.106637784471342,450,450,TRUE
"mv06c_global_core_panel_v1","7be22cdb9056fed427c78d58be2b19e258c7c6807e6f7ac3900bd1bfa1d19eb8",88,"ELOB-ENSG00000103363.14","ELOB","retained_candidate",186.5,0.104997133925458,450,450,TRUE
"mv06c_global_core_panel_v1","7be22cdb9056fed427c78d58be2b19e258c7c6807e6f7ac3900bd1bfa1d19eb8",89,"PFDN5-ENSG00000123349.13","PFDN5","retained_candidate",186.5,0.129550210689968,450,450,TRUE
"mv06c_global_core_panel_v1","7be22cdb9056fed427c78d58be2b19e258c7c6807e6f7ac3900bd1bfa1d19eb8",90,"CCNI-ENSG00000118816.9","CCNI","retained_candidate",187,0.131257972812506,450,450,TRUE
"mv06c_global_core_panel_v1","7be22cdb9056fed427c78d58be2b19e258c7c6807e6f7ac3900bd1bfa1d19eb8",91,"HINT1-ENSG00000169567.11","HINT1","retained_candidate",187.5,0.060610678518472,450,450,TRUE
"mv06c_global_core_panel_v1","7be22cdb9056fed427c78d58be2b19e258c7c6807e6f7ac3900bd1bfa1d19eb8",92,"H3F3A-ENSG00000163041.9","H3F3A","retained_candidate",188.5,0.122681454005594,450,450,TRUE
"mv06c_global_core_panel_v1","7be22cdb9056fed427c78d58be2b19e258c7c6807e6f7ac3900bd1bfa1d19eb8",93,"AC022431.1-ENSG00000226221.1","AC022431.1","retained_candidate",189,0.0928034924182712,450,450,TRUE
"mv06c_global_core_panel_v1","7be22cdb9056fed427c78d58be2b19e258c7c6807e6f7ac3900bd1bfa1d19eb8",94,"ATP5G2-ENSG00000135390.17","ATP5G2","retained_candidate",189,0.142178986960224,450,450,TRUE
"mv06c_global_core_panel_v1","7be22cdb9056fed427c78d58be2b19e258c7c6807e6f7ac3900bd1bfa1d19eb8",95,"COX7C-ENSG00000127184.12","COX7C","retained_candidate",190,0.0822537368255905,450,450,TRUE
"mv06c_global_core_panel_v1","7be22cdb9056fed427c78d58be2b19e258c7c6807e6f7ac3900bd1bfa1d19eb8",96,"COX4I1-ENSG00000131143.8","COX4I1","retained_candidate",195,0.070855339839744,450,450,TRUE
"mv06c_global_core_panel_v1","7be22cdb9056fed427c78d58be2b19e258c7c6807e6f7ac3900bd1bfa1d19eb8",97,"TUBB-ENSG00000196230.12","TUBB","retained_candidate",196.5,0.04895939592592,450,450,TRUE
"mv06c_global_core_panel_v1","7be22cdb9056fed427c78d58be2b19e258c7c6807e6f7ac3900bd1bfa1d19eb8",98,"PPDPF-ENSG00000125534.9","PPDPF","retained_candidate",199,0.111195148984608,450,450,TRUE
"mv06c_global_core_panel_v1","7be22cdb9056fed427c78d58be2b19e258c7c6807e6f7ac3900bd1bfa1d19eb8",99,"NDUFA4-ENSG00000189043.9","NDUFA4","retained_candidate",200,0.122706712258845,450,450,TRUE
"mv06c_global_core_panel_v1","7be22cdb9056fed427c78d58be2b19e258c7c6807e6f7ac3900bd1bfa1d19eb8",100,"ALDOA-ENSG00000149925.17","ALDOA","retained_candidate",201,0.110484514005323,450,450,TRUE
"mv06c_global_core_panel_v1","7be22cdb9056fed427c78d58be2b19e258c7c6807e6f7ac3900bd1bfa1d19eb8",101,"STMN1-ENSG00000117632.22","STMN1","retained_candidate",205,0.0140753057942886,450,450,TRUE
"mv06c_global_core_panel_v1","7be22cdb9056fed427c78d58be2b19e258c7c6807e6f7ac3900bd1bfa1d19eb8",102,"ATP5L-ENSG00000167283.7","ATP5L","retained_candidate",205.5,0.0828855602556504,450,450,TRUE
"mv06c_global_core_panel_v1","7be22cdb9056fed427c78d58be2b19e258c7c6807e6f7ac3900bd1bfa1d19eb8",103,"SARAF-ENSG00000133872.13","SARAF","retained_candidate",205.5,0.128864982116082,450,450,TRUE
"mv06c_global_core_panel_v1","7be22cdb9056fed427c78d58be2b19e258c7c6807e6f7ac3900bd1bfa1d19eb8",104,"COX7A2-ENSG00000112695.11","COX7A2","retained_candidate",208.5,0.0757514215423697,450,450,TRUE
"mv06c_global_core_panel_v1","7be22cdb9056fed427c78d58be2b19e258c7c6807e6f7ac3900bd1bfa1d19eb8",105,"S100A11-ENSG00000163191.5","S100A11","retained_candidate",210,0.0164328163611591,450,450,TRUE
"mv06c_global_core_panel_v1","7be22cdb9056fed427c78d58be2b19e258c7c6807e6f7ac3900bd1bfa1d19eb8",106,"HIST1H4C-ENSG00000197061.4","HIST1H4C","retained_candidate",211,0.0256015156054044,450,450,TRUE
"mv06c_global_core_panel_v1","7be22cdb9056fed427c78d58be2b19e258c7c6807e6f7ac3900bd1bfa1d19eb8",107,"AC024293.1-ENSG00000244313.3","AC024293.1","retained_candidate",213,0.0986335787598261,450,450,TRUE
"mv06c_global_core_panel_v1","7be22cdb9056fed427c78d58be2b19e258c7c6807e6f7ac3900bd1bfa1d19eb8",108,"NAP1L1-ENSG00000187109.13","NAP1L1","retained_candidate",213,0.144588269295365,450,450,TRUE
"mv06c_global_core_panel_v1","7be22cdb9056fed427c78d58be2b19e258c7c6807e6f7ac3900bd1bfa1d19eb8",109,"COX6C-ENSG00000164919.10","COX6C","retained_candidate",213.5,0.121299968194134,450,450,TRUE
"mv06c_global_core_panel_v1","7be22cdb9056fed427c78d58be2b19e258c7c6807e6f7ac3900bd1bfa1d19eb8",110,"CHCHD2-ENSG00000106153.12","CHCHD2","retained_candidate",216,0.081954986603686,450,450,TRUE
"mv06c_global_core_panel_v1","7be22cdb9056fed427c78d58be2b19e258c7c6807e6f7ac3900bd1bfa1d19eb8",111,"TPT1-ENSG00000133112.16","TPT1","retained_candidate",217.5,0.0561892448557654,450,450,TRUE
"mv06c_global_core_panel_v1","7be22cdb9056fed427c78d58be2b19e258c7c6807e6f7ac3900bd1bfa1d19eb8",112,"SRSF3-ENSG00000112081.16","SRSF3","retained_candidate",218.5,0.125701281128172,450,450,TRUE
"mv06c_global_core_panel_v1","7be22cdb9056fed427c78d58be2b19e258c7c6807e6f7ac3900bd1bfa1d19eb8",113,"SRSF5-ENSG00000100650.15","SRSF5","retained_candidate",222.5,0.0893076688780969,450,450,TRUE
"mv06c_global_core_panel_v1","7be22cdb9056fed427c78d58be2b19e258c7c6807e6f7ac3900bd1bfa1d19eb8",114,"AC073621.1-ENSG00000215030.5","AC073621.1","retained_candidate",223.5,0.0668769322777309,450,450,TRUE
"mv06c_global_core_panel_v1","7be22cdb9056fed427c78d58be2b19e258c7c6807e6f7ac3900bd1bfa1d19eb8",115,"GPX1-ENSG00000233276.3","GPX1","retained_candidate",223.5,0.0249027233266594,450,450,TRUE
"mv06c_global_core_panel_v1","7be22cdb9056fed427c78d58be2b19e258c7c6807e6f7ac3900bd1bfa1d19eb8",116,"IFITM3-ENSG00000142089.15","IFITM3","retained_candidate",224,0.0110254087927949,450,450,TRUE
"mv06c_global_core_panel_v1","7be22cdb9056fed427c78d58be2b19e258c7c6807e6f7ac3900bd1bfa1d19eb8",117,"PPIA-ENSG00000196262.13","PPIA","retained_candidate",224.5,0.112479352534608,450,450,TRUE
"mv06c_global_core_panel_v1","7be22cdb9056fed427c78d58be2b19e258c7c6807e6f7ac3900bd1bfa1d19eb8",118,"SUMO2-ENSG00000188612.11","SUMO2","retained_candidate",227.5,0.118487175578185,450,450,TRUE
"mv06c_global_core_panel_v1","7be22cdb9056fed427c78d58be2b19e258c7c6807e6f7ac3900bd1bfa1d19eb8",119,"SKP1-ENSG00000113558.18","SKP1","retained_candidate",229,0.132102199925679,450,450,TRUE
"mv06c_global_core_panel_v1","7be22cdb9056fed427c78d58be2b19e258c7c6807e6f7ac3900bd1bfa1d19eb8",120,"TOB1-ENSG00000141232.4","TOB1","retained_candidate",229.5,0.0222122552056692,450,450,TRUE
"mv06c_global_core_panel_v1","7be22cdb9056fed427c78d58be2b19e258c7c6807e6f7ac3900bd1bfa1d19eb8",121,"SUB1-ENSG00000113387.11","SUB1","retained_candidate",231,0.152464135118523,450,450,TRUE
"mv06c_global_core_panel_v1","7be22cdb9056fed427c78d58be2b19e258c7c6807e6f7ac3900bd1bfa1d19eb8",122,"EIF1-ENSG00000173812.10","EIF1","retained_candidate",232.5,0.116936842685422,450,450,TRUE
"mv06c_global_core_panel_v1","7be22cdb9056fed427c78d58be2b19e258c7c6807e6f7ac3900bd1bfa1d19eb8",123,"MYL12B-ENSG00000118680.12","MYL12B","retained_candidate",236.5,0.122853664026566,450,450,TRUE
"mv06c_global_core_panel_v1","7be22cdb9056fed427c78d58be2b19e258c7c6807e6f7ac3900bd1bfa1d19eb8",124,"CD63-ENSG00000135404.11","CD63","retained_candidate",238,0.0637084677794843,450,450,TRUE
"mv06c_global_core_panel_v1","7be22cdb9056fed427c78d58be2b19e258c7c6807e6f7ac3900bd1bfa1d19eb8",125,"PSAP-ENSG00000197746.13","PSAP","retained_candidate",239.5,0.0709234645079922,450,450,TRUE
"mv06c_global_core_panel_v1","7be22cdb9056fed427c78d58be2b19e258c7c6807e6f7ac3900bd1bfa1d19eb8",126,"SRSF7-ENSG00000115875.18","SRSF7","retained_candidate",240,0.0936538449546012,450,450,TRUE
"mv06c_global_core_panel_v1","7be22cdb9056fed427c78d58be2b19e258c7c6807e6f7ac3900bd1bfa1d19eb8",127,"ARPC3-ENSG00000111229.15","ARPC3","retained_candidate",242,0.126236770989999,450,450,TRUE
"mv06c_global_core_panel_v1","7be22cdb9056fed427c78d58be2b19e258c7c6807e6f7ac3900bd1bfa1d19eb8",128,"C14orf2-ENSG00000156411.9","C14orf2","retained_candidate",243,0.0633655468874612,450,450,TRUE
"mv06c_global_core_panel_v1","7be22cdb9056fed427c78d58be2b19e258c7c6807e6f7ac3900bd1bfa1d19eb8",129,"HNRNPDL-ENSG00000152795.17","HNRNPDL","retained_candidate",243,0.0903430847682157,450,450,TRUE
"mv06c_global_core_panel_v1","7be22cdb9056fed427c78d58be2b19e258c7c6807e6f7ac3900bd1bfa1d19eb8",130,"MTCO1P12-ENSG00000237973.1","MTCO1P12","retained_candidate",243.5,0.0203814890246659,450,450,TRUE
"mv06c_global_core_panel_v1","7be22cdb9056fed427c78d58be2b19e258c7c6807e6f7ac3900bd1bfa1d19eb8",131,"FO393411.1-ENSG00000180211.5","FO393411.1","retained_candidate",246,0.0481508226839472,450,450,TRUE
"mv06c_global_core_panel_v1","7be22cdb9056fed427c78d58be2b19e258c7c6807e6f7ac3900bd1bfa1d19eb8",132,"EIF4A2-ENSG00000156976.16","EIF4A2","retained_candidate",247,0.0865687570286645,450,450,TRUE
"mv06c_global_core_panel_v1","7be22cdb9056fed427c78d58be2b19e258c7c6807e6f7ac3900bd1bfa1d19eb8",133,"SOD1-ENSG00000142168.14","SOD1","retained_candidate",248,0.119536101119282,450,450,TRUE
"mv06c_global_core_panel_v1","7be22cdb9056fed427c78d58be2b19e258c7c6807e6f7ac3900bd1bfa1d19eb8",134,"ATPIF1-ENSG00000130770.17","ATPIF1","retained_candidate",249.5,0.0584539961195366,450,450,TRUE
"mv06c_global_core_panel_v1","7be22cdb9056fed427c78d58be2b19e258c7c6807e6f7ac3900bd1bfa1d19eb8",135,"AC010343.1-ENSG00000240376.1","AC010343.1","retained_candidate",251.5,0.0368609590355426,450,450,TRUE
"mv06c_global_core_panel_v1","7be22cdb9056fed427c78d58be2b19e258c7c6807e6f7ac3900bd1bfa1d19eb8",136,"SNRPD2-ENSG00000125743.10","SNRPD2","retained_candidate",252.5,0.144895535522251,450,450,TRUE
"mv06c_global_core_panel_v1","7be22cdb9056fed427c78d58be2b19e258c7c6807e6f7ac3900bd1bfa1d19eb8",137,"AC007969.1-ENSG00000233762.3","AC007969.1","retained_candidate",253,0.0905847867975911,450,450,TRUE
"mv06c_global_core_panel_v1","7be22cdb9056fed427c78d58be2b19e258c7c6807e6f7ac3900bd1bfa1d19eb8",138,"AC008021.1-ENSG00000235297.3","AC008021.1","retained_candidate",256.5,0.00740907470875816,450,450,TRUE
"mv06c_global_core_panel_v1","7be22cdb9056fed427c78d58be2b19e258c7c6807e6f7ac3900bd1bfa1d19eb8",139,"COX6B1-ENSG00000126267.8","COX6B1","retained_candidate",256.5,0.0852323894312911,450,450,TRUE
"mv06c_global_core_panel_v1","7be22cdb9056fed427c78d58be2b19e258c7c6807e6f7ac3900bd1bfa1d19eb8",140,"FXYD5-ENSG00000089327.14","FXYD5","retained_candidate",258,0.00928188175357663,450,450,TRUE
"mv06c_global_core_panel_v1","7be22cdb9056fed427c78d58be2b19e258c7c6807e6f7ac3900bd1bfa1d19eb8",141,"PNRC1-ENSG00000146278.10","PNRC1","retained_candidate",262,0.085850671946979,450,450,TRUE
"mv06c_global_core_panel_v1","7be22cdb9056fed427c78d58be2b19e258c7c6807e6f7ac3900bd1bfa1d19eb8",142,"COX5B-ENSG00000135940.6","COX5B","retained_candidate",263,0.126421372866722,450,450,TRUE
"mv06c_global_core_panel_v1","7be22cdb9056fed427c78d58be2b19e258c7c6807e6f7ac3900bd1bfa1d19eb8",143,"GPX4-ENSG00000167468.16","GPX4","retained_candidate",265,0.0826260167741634,450,450,TRUE
"mv06c_global_core_panel_v1","7be22cdb9056fed427c78d58be2b19e258c7c6807e6f7ac3900bd1bfa1d19eb8",144,"SSR4-ENSG00000180879.13","SSR4","retained_candidate",265.5,0.122583774631725,450,450,TRUE
"mv06c_global_core_panel_v1","7be22cdb9056fed427c78d58be2b19e258c7c6807e6f7ac3900bd1bfa1d19eb8",145,"RAN-ENSG00000132341.11","RAN","retained_candidate",269,0.104588751310789,450,450,TRUE
"mv06c_global_core_panel_v1","7be22cdb9056fed427c78d58be2b19e258c7c6807e6f7ac3900bd1bfa1d19eb8",146,"RBM3-ENSG00000102317.17","RBM3","retained_candidate",271,0.0567385362756512,450,450,TRUE
"mv06c_global_core_panel_v1","7be22cdb9056fed427c78d58be2b19e258c7c6807e6f7ac3900bd1bfa1d19eb8",147,"ATP6V1G1-ENSG00000136888.6","ATP6V1G1","retained_candidate",272,0.103095691552943,450,450,TRUE
"mv06c_global_core_panel_v1","7be22cdb9056fed427c78d58be2b19e258c7c6807e6f7ac3900bd1bfa1d19eb8",148,"HMGN1-ENSG00000205581.10","HMGN1","retained_candidate",273,0.114787646824006,450,450,TRUE
"mv06c_global_core_panel_v1","7be22cdb9056fed427c78d58be2b19e258c7c6807e6f7ac3900bd1bfa1d19eb8",149,"SLC25A5-ENSG00000005022.5","SLC25A5","retained_candidate",273,0.078459956890146,450,450,TRUE
"mv06c_global_core_panel_v1","7be22cdb9056fed427c78d58be2b19e258c7c6807e6f7ac3900bd1bfa1d19eb8",150,"TPI1-ENSG00000111669.14","TPI1","retained_candidate",277,0.103095691552943,450,450,TRUE
"mv06c_global_core_panel_v1","7be22cdb9056fed427c78d58be2b19e258c7c6807e6f7ac3900bd1bfa1d19eb8",151,"C6orf48-ENSG00000204387.12","C6orf48","retained_candidate",279,0.0669116449972665,450,450,TRUE
"mv06c_global_core_panel_v1","7be22cdb9056fed427c78d58be2b19e258c7c6807e6f7ac3900bd1bfa1d19eb8",152,"EDF1-ENSG00000107223.12","EDF1","retained_candidate",279,0.113134578068091,450,450,TRUE
"mv06c_global_core_panel_v1","7be22cdb9056fed427c78d58be2b19e258c7c6807e6f7ac3900bd1bfa1d19eb8",153,"OST4-ENSG00000228474.5","OST4","retained_candidate",280.5,0.0649581684392784,450,450,TRUE
"mv06c_global_core_panel_v1","7be22cdb9056fed427c78d58be2b19e258c7c6807e6f7ac3900bd1bfa1d19eb8",154,"SON-ENSG00000159140.19","SON","retained_candidate",281.5,0.0905312368902394,450,450,TRUE
"mv06c_global_core_panel_v1","7be22cdb9056fed427c78d58be2b19e258c7c6807e6f7ac3900bd1bfa1d19eb8",155,"ZFAS1-ENSG00000177410.12","ZFAS1","retained_candidate",282,0.061876565187931,450,450,TRUE
"mv06c_global_core_panel_v1","7be22cdb9056fed427c78d58be2b19e258c7c6807e6f7ac3900bd1bfa1d19eb8",156,"PPP1R15A-ENSG00000087074.7","PPP1R15A","retained_candidate",283.5,0.0203814890246659,450,450,TRUE
"mv06c_global_core_panel_v1","7be22cdb9056fed427c78d58be2b19e258c7c6807e6f7ac3900bd1bfa1d19eb8",157,"ENO1-ENSG00000074800.13","ENO1","retained_candidate",290,0.108827121073125,450,450,TRUE
"mv06c_global_core_panel_v1","7be22cdb9056fed427c78d58be2b19e258c7c6807e6f7ac3900bd1bfa1d19eb8",158,"POLR2L-ENSG00000177700.5","POLR2L","retained_candidate",291,0.0682298739960204,450,450,TRUE
"mv06c_global_core_panel_v1","7be22cdb9056fed427c78d58be2b19e258c7c6807e6f7ac3900bd1bfa1d19eb8",159,"CLIC1-ENSG00000213719.8","CLIC1","retained_candidate",298,0.0529510031309443,450,450,TRUE
"mv06c_global_core_panel_v1","7be22cdb9056fed427c78d58be2b19e258c7c6807e6f7ac3900bd1bfa1d19eb8",160,"RBM39-ENSG00000131051.22","RBM39","retained_candidate",300.5,0.0941141062839231,450,450,TRUE
"mv06c_global_core_panel_v1","7be22cdb9056fed427c78d58be2b19e258c7c6807e6f7ac3900bd1bfa1d19eb8",161,"SET-ENSG00000119335.16","SET","retained_candidate",300.5,0.0406405686433726,450,450,TRUE
"mv06c_global_core_panel_v1","7be22cdb9056fed427c78d58be2b19e258c7c6807e6f7ac3900bd1bfa1d19eb8",162,"PSMA7-ENSG00000101182.14","PSMA7","retained_candidate",301.5,0.116319713456925,450,450,TRUE
"mv06c_global_core_panel_v1","7be22cdb9056fed427c78d58be2b19e258c7c6807e6f7ac3900bd1bfa1d19eb8",163,"MORF4L1-ENSG00000185787.14","MORF4L1","retained_candidate",309,0.0839215623864087,450,450,TRUE
"mv06c_global_core_panel_v1","7be22cdb9056fed427c78d58be2b19e258c7c6807e6f7ac3900bd1bfa1d19eb8",164,"GUK1-ENSG00000143774.16","GUK1","retained_candidate",309.5,0.0947132331344914,450,450,TRUE
"mv06c_global_core_panel_v1","7be22cdb9056fed427c78d58be2b19e258c7c6807e6f7ac3900bd1bfa1d19eb8",165,"AC026403.1-ENSG00000229119.3","AC026403.1","retained_candidate",310,0.041073530673378,450,450,TRUE
"mv06c_global_core_panel_v1","7be22cdb9056fed427c78d58be2b19e258c7c6807e6f7ac3900bd1bfa1d19eb8",166,"SSR2-ENSG00000163479.13","SSR2","retained_candidate",312,0.0889393484325518,450,450,TRUE
"mv06c_global_core_panel_v1","7be22cdb9056fed427c78d58be2b19e258c7c6807e6f7ac3900bd1bfa1d19eb8",167,"EIF3H-ENSG00000147677.10","EIF3H","retained_candidate",313,0.112829441853916,450,450,TRUE
"mv06c_global_core_panel_v1","7be22cdb9056fed427c78d58be2b19e258c7c6807e6f7ac3900bd1bfa1d19eb8",168,"HNRNPK-ENSG00000165119.20","HNRNPK","retained_candidate",313,0.123159008068588,450,450,TRUE
"mv06c_global_core_panel_v1","7be22cdb9056fed427c78d58be2b19e258c7c6807e6f7ac3900bd1bfa1d19eb8",169,"RAC1-ENSG00000136238.17","RAC1","retained_candidate",314,0.0863773625471396,450,450,TRUE
"mv06c_global_core_panel_v1","7be22cdb9056fed427c78d58be2b19e258c7c6807e6f7ac3900bd1bfa1d19eb8",170,"NUCKS1-ENSG00000069275.12","NUCKS1","retained_candidate",316,0.0354164837232403,450,450,TRUE
"mv06c_global_core_panel_v1","7be22cdb9056fed427c78d58be2b19e258c7c6807e6f7ac3900bd1bfa1d19eb8",171,"TMEM258-ENSG00000134825.15","TMEM258","retained_candidate",316.5,0.0877313363097873,450,450,TRUE
"mv06c_global_core_panel_v1","7be22cdb9056fed427c78d58be2b19e258c7c6807e6f7ac3900bd1bfa1d19eb8",172,"COX6A1-ENSG00000111775.2","COX6A1","retained_candidate",318.5,0.0701586391387688,450,450,TRUE
"mv06c_global_core_panel_v1","7be22cdb9056fed427c78d58be2b19e258c7c6807e6f7ac3900bd1bfa1d19eb8",173,"EIF3K-ENSG00000178982.9","EIF3K","retained_candidate",318.5,0.109668284787441,450,450,TRUE
"mv06c_global_core_panel_v1","7be22cdb9056fed427c78d58be2b19e258c7c6807e6f7ac3900bd1bfa1d19eb8",174,"PNISR-ENSG00000132424.14","PNISR","retained_candidate",319.5,0.0474041890599358,450,450,TRUE
"mv06c_global_core_panel_v1","7be22cdb9056fed427c78d58be2b19e258c7c6807e6f7ac3900bd1bfa1d19eb8",175,"PEBP1-ENSG00000089220.4","PEBP1","retained_candidate",320.5,0.067719208418749,450,450,TRUE
"mv06c_global_core_panel_v1","7be22cdb9056fed427c78d58be2b19e258c7c6807e6f7ac3900bd1bfa1d19eb8",176,"PSME1-ENSG00000092010.14","PSME1","retained_candidate",321.5,0.0271241390241706,450,450,TRUE
"mv06c_global_core_panel_v1","7be22cdb9056fed427c78d58be2b19e258c7c6807e6f7ac3900bd1bfa1d19eb8",177,"TSPO-ENSG00000100300.17","TSPO","retained_candidate",325,0.010490038127126,450,450,TRUE
"mv06c_global_core_panel_v1","7be22cdb9056fed427c78d58be2b19e258c7c6807e6f7ac3900bd1bfa1d19eb8",178,"ATP5D-ENSG00000099624.7","ATP5D","retained_candidate",325.5,0.0789237637211939,450,450,TRUE
"mv06c_global_core_panel_v1","7be22cdb9056fed427c78d58be2b19e258c7c6807e6f7ac3900bd1bfa1d19eb8",179,"COTL1-ENSG00000103187.7","COTL1","retained_candidate",325.5,0.012886750147482,450,450,TRUE
"mv06c_global_core_panel_v1","7be22cdb9056fed427c78d58be2b19e258c7c6807e6f7ac3900bd1bfa1d19eb8",180,"DBI-ENSG00000155368.16","DBI","retained_candidate",326.5,0.0354164837232403,450,450,TRUE
"mv06c_global_core_panel_v1","7be22cdb9056fed427c78d58be2b19e258c7c6807e6f7ac3900bd1bfa1d19eb8",181,"NDUFA1-ENSG00000125356.6","NDUFA1","retained_candidate",326.5,0.0751239011173463,450,450,TRUE
"mv06c_global_core_panel_v1","7be22cdb9056fed427c78d58be2b19e258c7c6807e6f7ac3900bd1bfa1d19eb8",182,"NDUFS5-ENSG00000168653.10","NDUFS5","retained_candidate",327,0.111014268382504,450,450,TRUE
"mv06c_global_core_panel_v1","7be22cdb9056fed427c78d58be2b19e258c7c6807e6f7ac3900bd1bfa1d19eb8",183,"LAMTOR4-ENSG00000188186.10","LAMTOR4","retained_candidate",327.5,0.0911949095254686,450,450,TRUE
"mv06c_global_core_panel_v1","7be22cdb9056fed427c78d58be2b19e258c7c6807e6f7ac3900bd1bfa1d19eb8",184,"NDUFB2-ENSG00000090266.12","NDUFB2","retained_candidate",328.5,0.0970657651227186,450,450,TRUE
"mv06c_global_core_panel_v1","7be22cdb9056fed427c78d58be2b19e258c7c6807e6f7ac3900bd1bfa1d19eb8",185,"SAP18-ENSG00000150459.12","SAP18","retained_candidate",329,0.128419209280144,450,450,TRUE
"mv06c_global_core_panel_v1","7be22cdb9056fed427c78d58be2b19e258c7c6807e6f7ac3900bd1bfa1d19eb8",186,"SEC61G-ENSG00000132432.13","SEC61G","retained_candidate",329,0.0444403820596065,450,450,TRUE
"mv06c_global_core_panel_v1","7be22cdb9056fed427c78d58be2b19e258c7c6807e6f7ac3900bd1bfa1d19eb8",187,"COX8A-ENSG00000176340.3","COX8A","retained_candidate",330.5,0.0731172644845447,450,450,TRUE
"mv06c_global_core_panel_v1","7be22cdb9056fed427c78d58be2b19e258c7c6807e6f7ac3900bd1bfa1d19eb8",188,"COX7B-ENSG00000131174.4","COX7B","retained_candidate",331,0.0463863276186298,450,450,TRUE
"mv06c_global_core_panel_v1","7be22cdb9056fed427c78d58be2b19e258c7c6807e6f7ac3900bd1bfa1d19eb8",189,"SLC25A3-ENSG00000075415.12","SLC25A3","retained_candidate",332,0.0946144669377544,450,450,TRUE
"mv06c_global_core_panel_v1","7be22cdb9056fed427c78d58be2b19e258c7c6807e6f7ac3900bd1bfa1d19eb8",190,"SEPT7-ENSG00000122545.18","SEPT7","retained_candidate",332.5,0.0553746403428161,450,450,TRUE
"mv06c_global_core_panel_v1","7be22cdb9056fed427c78d58be2b19e258c7c6807e6f7ac3900bd1bfa1d19eb8",191,"SNHG6-ENSG00000245910.8","SNHG6","retained_candidate",333,0.0532801182233964,450,450,TRUE
"mv06c_global_core_panel_v1","7be22cdb9056fed427c78d58be2b19e258c7c6807e6f7ac3900bd1bfa1d19eb8",192,"EIF5A-ENSG00000132507.17","EIF5A","retained_candidate",337,0.050691573013085,450,450,TRUE
"mv06c_global_core_panel_v1","7be22cdb9056fed427c78d58be2b19e258c7c6807e6f7ac3900bd1bfa1d19eb8",193,"SEC61B-ENSG00000106803.9","SEC61B","retained_candidate",337.5,0.105139176437531,450,450,TRUE
"mv06c_global_core_panel_v1","7be22cdb9056fed427c78d58be2b19e258c7c6807e6f7ac3900bd1bfa1d19eb8",194,"SRSF2-ENSG00000161547.16","SRSF2","retained_candidate",337.5,0.0806194290700883,450,450,TRUE
"mv06c_global_core_panel_v1","7be22cdb9056fed427c78d58be2b19e258c7c6807e6f7ac3900bd1bfa1d19eb8",195,"APRT-ENSG00000198931.10","APRT","retained_candidate",339.5,0.0674511704769137,450,450,TRUE
"mv06c_global_core_panel_v1","7be22cdb9056fed427c78d58be2b19e258c7c6807e6f7ac3900bd1bfa1d19eb8",196,"RNASEK-ENSG00000219200.11","RNASEK","retained_candidate",340.5,0.0996893360138573,450,450,TRUE
"mv06c_global_core_panel_v1","7be22cdb9056fed427c78d58be2b19e258c7c6807e6f7ac3900bd1bfa1d19eb8",197,"LDHA-ENSG00000134333.13","LDHA","retained_candidate",343,0.0734399534616935,450,450,TRUE
"mv06c_global_core_panel_v1","7be22cdb9056fed427c78d58be2b19e258c7c6807e6f7ac3900bd1bfa1d19eb8",198,"EIF3F-ENSG00000175390.13","EIF3F","retained_candidate",343.5,0.0982985182032907,450,450,TRUE
"mv06c_global_core_panel_v1","7be22cdb9056fed427c78d58be2b19e258c7c6807e6f7ac3900bd1bfa1d19eb8",199,"ANP32B-ENSG00000136938.8","ANP32B","retained_candidate",344.5,0.0667839217908264,450,450,TRUE
"mv06c_global_core_panel_v1","7be22cdb9056fed427c78d58be2b19e258c7c6807e6f7ac3900bd1bfa1d19eb8",200,"PARK7-ENSG00000116288.12","PARK7","retained_candidate",345,0.121963796751066,450,450,TRUE
"mv06c_global_core_panel_v1","7be22cdb9056fed427c78d58be2b19e258c7c6807e6f7ac3900bd1bfa1d19eb8",201,"ATP5O-ENSG00000241837.6","ATP5O","retained_candidate",345.5,0.0967159498263901,450,450,TRUE
"mv06c_global_core_panel_v1","7be22cdb9056fed427c78d58be2b19e258c7c6807e6f7ac3900bd1bfa1d19eb8",202,"CNBP-ENSG00000169714.16","CNBP","retained_candidate",346,0.079141413723323,450,450,TRUE
"mv06c_global_core_panel_v1","7be22cdb9056fed427c78d58be2b19e258c7c6807e6f7ac3900bd1bfa1d19eb8",203,"SERP1-ENSG00000120742.10","SERP1","retained_candidate",346.5,0.06667131341065,450,450,TRUE
"mv06c_global_core_panel_v1","7be22cdb9056fed427c78d58be2b19e258c7c6807e6f7ac3900bd1bfa1d19eb8",204,"HSP90B1-ENSG00000166598.14","HSP90B1","retained_candidate",347,0.0764177410929689,450,450,TRUE
"mv06c_global_core_panel_v1","7be22cdb9056fed427c78d58be2b19e258c7c6807e6f7ac3900bd1bfa1d19eb8",205,"TXN-ENSG00000136810.12","TXN","retained_candidate",349.5,0.0752131540331735,450,450,TRUE
"mv06c_global_core_panel_v1","7be22cdb9056fed427c78d58be2b19e258c7c6807e6f7ac3900bd1bfa1d19eb8",206,"PTGES3-ENSG00000110958.15","PTGES3","retained_candidate",350.5,0.0799226672484328,450,450,TRUE
"mv06c_global_core_panel_v1","7be22cdb9056fed427c78d58be2b19e258c7c6807e6f7ac3900bd1bfa1d19eb8",207,"DYNLL1-ENSG00000088986.10","DYNLL1","retained_candidate",352,0.0638415795041164,450,450,TRUE
"mv06c_global_core_panel_v1","7be22cdb9056fed427c78d58be2b19e258c7c6807e6f7ac3900bd1bfa1d19eb8",208,"FAU-ENSG00000149806.10","FAU","retained_candidate",352,0.0411537814012671,450,450,TRUE
"mv06c_global_core_panel_v1","7be22cdb9056fed427c78d58be2b19e258c7c6807e6f7ac3900bd1bfa1d19eb8",209,"POMP-ENSG00000132963.7","POMP","retained_candidate",354,0.0863773625471397,450,450,TRUE
"mv06c_global_core_panel_v1","7be22cdb9056fed427c78d58be2b19e258c7c6807e6f7ac3900bd1bfa1d19eb8",210,"RHOA-ENSG00000067560.10","RHOA","retained_candidate",354.5,0.0989923891820675,450,450,TRUE
"mv06c_global_core_panel_v1","7be22cdb9056fed427c78d58be2b19e258c7c6807e6f7ac3900bd1bfa1d19eb8",211,"HNRNPC-ENSG00000092199.17","HNRNPC","retained_candidate",358.5,0.104754700145063,450,450,TRUE
"mv06c_global_core_panel_v1","7be22cdb9056fed427c78d58be2b19e258c7c6807e6f7ac3900bd1bfa1d19eb8",212,"TMEM59-ENSG00000116209.11","TMEM59","retained_candidate",360,0.101281877587057,450,450,TRUE
"mv06c_global_core_panel_v1","7be22cdb9056fed427c78d58be2b19e258c7c6807e6f7ac3900bd1bfa1d19eb8",213,"TMBIM6-ENSG00000139644.12","TMBIM6","retained_candidate",361,0.0968806649028185,450,450,TRUE
"mv06c_global_core_panel_v1","7be22cdb9056fed427c78d58be2b19e258c7c6807e6f7ac3900bd1bfa1d19eb8",214,"HNRNPA0-ENSG00000177733.6","HNRNPA0","retained_candidate",362,0.0709742617049944,450,450,TRUE
"mv06c_global_core_panel_v1","7be22cdb9056fed427c78d58be2b19e258c7c6807e6f7ac3900bd1bfa1d19eb8",215,"YWHAB-ENSG00000166913.12","YWHAB","retained_candidate",363,0.108360559266735,450,450,TRUE
"mv06c_global_core_panel_v1","7be22cdb9056fed427c78d58be2b19e258c7c6807e6f7ac3900bd1bfa1d19eb8",216,"SNX3-ENSG00000112335.14","SNX3","retained_candidate",364,0.0927415709004318,450,450,TRUE
"mv06c_global_core_panel_v1","7be22cdb9056fed427c78d58be2b19e258c7c6807e6f7ac3900bd1bfa1d19eb8",217,"ATP5G3-ENSG00000154518.9","ATP5G3","retained_candidate",366,0.0946737017607904,450,450,TRUE
"mv06c_global_core_panel_v1","7be22cdb9056fed427c78d58be2b19e258c7c6807e6f7ac3900bd1bfa1d19eb8",218,"MT2A-ENSG00000125148.6","MT2A","retained_candidate",366,0.0152573278655143,450,450,TRUE
"mv06c_global_core_panel_v1","7be22cdb9056fed427c78d58be2b19e258c7c6807e6f7ac3900bd1bfa1d19eb8",219,"SEC62-ENSG00000008952.16","SEC62","retained_candidate",366.5,0.0870929783533552,450,450,TRUE
"mv06c_global_core_panel_v1","7be22cdb9056fed427c78d58be2b19e258c7c6807e6f7ac3900bd1bfa1d19eb8",220,"NCL-ENSG00000115053.15","NCL","retained_candidate",367,0.0505987203150687,450,450,TRUE
"mv06c_global_core_panel_v1","7be22cdb9056fed427c78d58be2b19e258c7c6807e6f7ac3900bd1bfa1d19eb8",221,"FKBP1A-ENSG00000088832.16","FKBP1A","retained_candidate",368.5,0.0559451030964651,450,450,TRUE
"mv06c_global_core_panel_v1","7be22cdb9056fed427c78d58be2b19e258c7c6807e6f7ac3900bd1bfa1d19eb8",222,"MCL1-ENSG00000143384.12","MCL1","retained_candidate",369.5,0.0325633406952828,450,450,TRUE
"mv06c_global_core_panel_v1","7be22cdb9056fed427c78d58be2b19e258c7c6807e6f7ac3900bd1bfa1d19eb8",223,"ARL6IP4-ENSG00000182196.13","ARL6IP4","retained_candidate",372,0.0824984925203995,450,450,TRUE
"mv06c_global_core_panel_v1","7be22cdb9056fed427c78d58be2b19e258c7c6807e6f7ac3900bd1bfa1d19eb8",224,"VAMP2-ENSG00000220205.8","VAMP2","retained_candidate",373.5,0.0509220008592844,450,450,TRUE
"mv06c_global_core_panel_v1","7be22cdb9056fed427c78d58be2b19e258c7c6807e6f7ac3900bd1bfa1d19eb8",225,"HNRNPU-ENSG00000153187.18","HNRNPU","retained_candidate",375,0.0774798390281421,450,450,TRUE
"mv06c_global_core_panel_v1","7be22cdb9056fed427c78d58be2b19e258c7c6807e6f7ac3900bd1bfa1d19eb8",226,"NEDD8-ENSG00000129559.12","NEDD8","retained_candidate",376,0.114472614960743,450,450,TRUE
"mv06c_global_core_panel_v1","7be22cdb9056fed427c78d58be2b19e258c7c6807e6f7ac3900bd1bfa1d19eb8",227,"ATP5J-ENSG00000154723.12","ATP5J","retained_candidate",378,0.0960820752745722,450,450,TRUE
"mv06c_global_core_panel_v1","7be22cdb9056fed427c78d58be2b19e258c7c6807e6f7ac3900bd1bfa1d19eb8",228,"TUBA1A-ENSG00000167552.13","TUBA1A","retained_candidate",383.5,0.0166027258580844,450,450,TRUE
"mv06c_global_core_panel_v1","7be22cdb9056fed427c78d58be2b19e258c7c6807e6f7ac3900bd1bfa1d19eb8",229,"ATP6V0E1-ENSG00000113732.8","ATP6V0E1","retained_candidate",384,0.0825278497218794,450,450,TRUE
"mv06c_global_core_panel_v1","7be22cdb9056fed427c78d58be2b19e258c7c6807e6f7ac3900bd1bfa1d19eb8",230,"SPCS1-ENSG00000114902.13","SPCS1","retained_candidate",385,0.103733697658464,450,450,TRUE
"mv06c_global_core_panel_v1","7be22cdb9056fed427c78d58be2b19e258c7c6807e6f7ac3900bd1bfa1d19eb8",231,"ATP5J2-ENSG00000241468.7","ATP5J2","retained_candidate",386.5,0.0700610963970409,450,450,TRUE
"mv06c_global_core_panel_v1","7be22cdb9056fed427c78d58be2b19e258c7c6807e6f7ac3900bd1bfa1d19eb8",232,"ANXA2-ENSG00000182718.16","ANXA2","retained_candidate",390,0.0274116163497309,450,450,TRUE
"mv06c_global_core_panel_v1","7be22cdb9056fed427c78d58be2b19e258c7c6807e6f7ac3900bd1bfa1d19eb8",233,"CSTB-ENSG00000160213.6","CSTB","retained_candidate",390,0.0514550804543915,450,450,TRUE
"mv06c_global_core_panel_v1","7be22cdb9056fed427c78d58be2b19e258c7c6807e6f7ac3900bd1bfa1d19eb8",234,"PKM-ENSG00000067225.17","PKM","retained_candidate",391.5,0.0206041888305834,450,450,TRUE
"mv06c_global_core_panel_v1","7be22cdb9056fed427c78d58be2b19e258c7c6807e6f7ac3900bd1bfa1d19eb8",235,"HSPB1-ENSG00000106211.8","HSPB1","retained_candidate",393.5,0.0325633406952828,450,450,TRUE
"mv06c_global_core_panel_v1","7be22cdb9056fed427c78d58be2b19e258c7c6807e6f7ac3900bd1bfa1d19eb8",236,"PPP2R5C-ENSG00000078304.19","PPP2R5C","retained_candidate",394.5,0.0226551733268245,450,450,TRUE
"mv06c_global_core_panel_v1","7be22cdb9056fed427c78d58be2b19e258c7c6807e6f7ac3900bd1bfa1d19eb8",237,"YWHAZ-ENSG00000164924.17","YWHAZ","retained_candidate",399.5,0.0555972859953757,450,450,TRUE
"mv06c_global_core_panel_v1","7be22cdb9056fed427c78d58be2b19e258c7c6807e6f7ac3900bd1bfa1d19eb8",238,"TPM3-ENSG00000143549.19","TPM3","retained_candidate",400.5,0.0347125228872614,450,450,TRUE
"mv06c_global_core_panel_v1","7be22cdb9056fed427c78d58be2b19e258c7c6807e6f7ac3900bd1bfa1d19eb8",239,"TRIR-ENSG00000123144.10","TRIR","retained_candidate",400.5,0.110124998629671,450,450,TRUE
"mv06c_global_core_panel_v1","7be22cdb9056fed427c78d58be2b19e258c7c6807e6f7ac3900bd1bfa1d19eb8",240,"ANAPC16-ENSG00000166295.8","ANAPC16","retained_candidate",401,0.0872450124164199,450,450,TRUE
"mv06c_global_core_panel_v1","7be22cdb9056fed427c78d58be2b19e258c7c6807e6f7ac3900bd1bfa1d19eb8",241,"BRK1-ENSG00000254999.3","BRK1","retained_candidate",401,0.0953768822991447,450,450,TRUE
"mv06c_global_core_panel_v1","7be22cdb9056fed427c78d58be2b19e258c7c6807e6f7ac3900bd1bfa1d19eb8",242,"AC026366.1-ENSG00000240342.3","AC026366.1","retained_candidate",402.5,0.0434255212746142,450,450,TRUE
"mv06c_global_core_panel_v1","7be22cdb9056fed427c78d58be2b19e258c7c6807e6f7ac3900bd1bfa1d19eb8",243,"TAGLN2-ENSG00000158710.14","TAGLN2","retained_candidate",403.5,0.0433797789162341,450,450,TRUE
"mv06c_global_core_panel_v1","7be22cdb9056fed427c78d58be2b19e258c7c6807e6f7ac3900bd1bfa1d19eb8",244,"AC074033.1-ENSG00000213178.3","AC074033.1","retained_candidate",408,0.0343520660124711,450,450,TRUE
"mv06c_global_core_panel_v1","7be22cdb9056fed427c78d58be2b19e258c7c6807e6f7ac3900bd1bfa1d19eb8",245,"AC004453.1-ENSG00000146677.7","AC004453.1","retained_candidate",408.5,0.0267182019208209,450,450,TRUE
"mv06c_global_core_panel_v1","7be22cdb9056fed427c78d58be2b19e258c7c6807e6f7ac3900bd1bfa1d19eb8",246,"ATP5A1-ENSG00000152234.15","ATP5A1","retained_candidate",409,0.0726720832530729,450,450,TRUE
"mv06c_global_core_panel_v1","7be22cdb9056fed427c78d58be2b19e258c7c6807e6f7ac3900bd1bfa1d19eb8",247,"SNRPE-ENSG00000182004.12","SNRPE","retained_candidate",409,0.041942288441687,450,450,TRUE
"mv06c_global_core_panel_v1","7be22cdb9056fed427c78d58be2b19e258c7c6807e6f7ac3900bd1bfa1d19eb8",248,"EID1-ENSG00000255302.4","EID1","retained_candidate",412,0.0752216383996836,450,450,TRUE
"mv06c_global_core_panel_v1","7be22cdb9056fed427c78d58be2b19e258c7c6807e6f7ac3900bd1bfa1d19eb8",249,"RSL24D1-ENSG00000137876.9","RSL24D1","retained_candidate",413,0.0571040889019353,450,450,TRUE
"mv06c_global_core_panel_v1","7be22cdb9056fed427c78d58be2b19e258c7c6807e6f7ac3900bd1bfa1d19eb8",250,"TMA7-ENSG00000232112.3","TMA7","retained_candidate",414,0.0568842726533569,450,450,TRUE
"mv06c_global_core_panel_v1","7be22cdb9056fed427c78d58be2b19e258c7c6807e6f7ac3900bd1bfa1d19eb8",251,"SERBP1-ENSG00000142864.14","SERBP1","retained_candidate",414.5,0.0725341992611761,450,450,TRUE
"mv06c_global_core_panel_v1","7be22cdb9056fed427c78d58be2b19e258c7c6807e6f7ac3900bd1bfa1d19eb8",252,"HSPA5-ENSG00000044574.7","HSPA5","retained_candidate",415.5,0.0457013141739821,450,450,TRUE
"mv06c_global_core_panel_v1","7be22cdb9056fed427c78d58be2b19e258c7c6807e6f7ac3900bd1bfa1d19eb8",253,"NDUFB11-ENSG00000147123.10","NDUFB11","retained_candidate",416,0.0407621067390102,450,450,TRUE
"mv06c_global_core_panel_v1","7be22cdb9056fed427c78d58be2b19e258c7c6807e6f7ac3900bd1bfa1d19eb8",254,"SRRM1-ENSG00000133226.16","SRRM1","retained_candidate",417,0.078303404258113,450,450,TRUE
"mv06c_global_core_panel_v1","7be22cdb9056fed427c78d58be2b19e258c7c6807e6f7ac3900bd1bfa1d19eb8",255,"NDUFB9-ENSG00000147684.7","NDUFB9","retained_candidate",419.5,0.0726561768015314,450,450,TRUE
"mv06c_global_core_panel_v1","7be22cdb9056fed427c78d58be2b19e258c7c6807e6f7ac3900bd1bfa1d19eb8",256,"ARGLU1-ENSG00000134884.13","ARGLU1","retained_candidate",423,0.0426844675823592,450,450,TRUE
"mv06c_global_core_panel_v1","7be22cdb9056fed427c78d58be2b19e258c7c6807e6f7ac3900bd1bfa1d19eb8",257,"PRDX5-ENSG00000126432.13","PRDX5","retained_candidate",423,0.0776461944521064,450,450,TRUE
"mv06c_global_core_panel_v1","7be22cdb9056fed427c78d58be2b19e258c7c6807e6f7ac3900bd1bfa1d19eb8",258,"SNRPG-ENSG00000143977.13","SNRPG","retained_candidate",425,0.0691474748000372,450,450,TRUE
"mv06c_global_core_panel_v1","7be22cdb9056fed427c78d58be2b19e258c7c6807e6f7ac3900bd1bfa1d19eb8",259,"HIGD2A-ENSG00000146066.2","HIGD2A","retained_candidate",425.5,0.0929493023004036,450,450,TRUE
"mv06c_global_core_panel_v1","7be22cdb9056fed427c78d58be2b19e258c7c6807e6f7ac3900bd1bfa1d19eb8",260,"NDUFB7-ENSG00000099795.6","NDUFB7","retained_candidate",425.5,0.0528835853394728,450,450,TRUE
"mv06c_global_core_panel_v1","7be22cdb9056fed427c78d58be2b19e258c7c6807e6f7ac3900bd1bfa1d19eb8",261,"ERH-ENSG00000100632.10","ERH","retained_candidate",426,0.0710025167408174,450,450,TRUE
"mv06c_global_core_panel_v1","7be22cdb9056fed427c78d58be2b19e258c7c6807e6f7ac3900bd1bfa1d19eb8",262,"AC096919.1-ENSG00000226360.5","AC096919.1","retained_candidate",426.5,0.00862105297901799,450,450,TRUE
"mv06c_global_core_panel_v1","7be22cdb9056fed427c78d58be2b19e258c7c6807e6f7ac3900bd1bfa1d19eb8",263,"RANBP1-ENSG00000099901.16","RANBP1","retained_candidate",426.5,0.0590024361074269,450,450,TRUE
"mv06c_global_core_panel_v1","7be22cdb9056fed427c78d58be2b19e258c7c6807e6f7ac3900bd1bfa1d19eb8",264,"AC005912.1-ENSG00000227081.5","AC005912.1","retained_candidate",427,0.0134036303042481,450,450,TRUE
"mv06c_global_core_panel_v1","7be22cdb9056fed427c78d58be2b19e258c7c6807e6f7ac3900bd1bfa1d19eb8",265,"RBX1-ENSG00000100387.8","RBX1","retained_candidate",427,0.0921055739146829,450,450,TRUE
"mv06c_global_core_panel_v1","7be22cdb9056fed427c78d58be2b19e258c7c6807e6f7ac3900bd1bfa1d19eb8",266,"PSMB1-ENSG00000008018.8","PSMB1","retained_candidate",427.5,0.0951417548455981,450,450,TRUE
"mv06c_global_core_panel_v1","7be22cdb9056fed427c78d58be2b19e258c7c6807e6f7ac3900bd1bfa1d19eb8",267,"GNG5-ENSG00000174021.10","GNG5","retained_candidate",428.5,0.0856372151162314,450,450,TRUE
"mv06c_global_core_panel_v1","7be22cdb9056fed427c78d58be2b19e258c7c6807e6f7ac3900bd1bfa1d19eb8",268,"GTF3A-ENSG00000122034.14","GTF3A","retained_candidate",429.5,0.0282250465095549,450,450,TRUE
"mv06c_global_core_panel_v1","7be22cdb9056fed427c78d58be2b19e258c7c6807e6f7ac3900bd1bfa1d19eb8",269,"C12orf57-ENSG00000111678.10","C12orf57","retained_candidate",430,0.0346932863346612,450,450,TRUE
"mv06c_global_core_panel_v1","7be22cdb9056fed427c78d58be2b19e258c7c6807e6f7ac3900bd1bfa1d19eb8",270,"SNHG8-ENSG00000269893.6","SNHG8","retained_candidate",430.5,0.0527097010515293,450,450,TRUE
"mv06c_global_core_panel_v1","7be22cdb9056fed427c78d58be2b19e258c7c6807e6f7ac3900bd1bfa1d19eb8",271,"TIMP1-ENSG00000102265.11","TIMP1","retained_candidate",430.5,0.0260166979632055,450,450,TRUE
"mv06c_global_core_panel_v1","7be22cdb9056fed427c78d58be2b19e258c7c6807e6f7ac3900bd1bfa1d19eb8",272,"C4orf3-ENSG00000164096.12","C4orf3","retained_candidate",431,0.0995217807908121,450,450,TRUE
"mv06c_global_core_panel_v1","7be22cdb9056fed427c78d58be2b19e258c7c6807e6f7ac3900bd1bfa1d19eb8",273,"KLF2-ENSG00000127528.5","KLF2","retained_candidate",431,0.0206041888305834,450,450,TRUE
"mv06c_global_core_panel_v1","7be22cdb9056fed427c78d58be2b19e258c7c6807e6f7ac3900bd1bfa1d19eb8",274,"CUTA-ENSG00000112514.15","CUTA","retained_candidate",432.5,0.0723255574444777,450,450,TRUE
"mv06c_global_core_panel_v1","7be22cdb9056fed427c78d58be2b19e258c7c6807e6f7ac3900bd1bfa1d19eb8",275,"EIF4G2-ENSG00000110321.16","EIF4G2","retained_candidate",433,0.0776461944521064,450,450,TRUE
"mv06c_global_core_panel_v1","7be22cdb9056fed427c78d58be2b19e258c7c6807e6f7ac3900bd1bfa1d19eb8",276,"JUND-ENSG00000130522.5","JUND","retained_candidate",433,0.0180816704201836,450,450,TRUE
"mv06c_global_core_panel_v1","7be22cdb9056fed427c78d58be2b19e258c7c6807e6f7ac3900bd1bfa1d19eb8",277,"TRMT112-ENSG00000173113.6","TRMT112","retained_candidate",434,0.0700610963970409,450,450,TRUE
"mv06c_global_core_panel_v1","7be22cdb9056fed427c78d58be2b19e258c7c6807e6f7ac3900bd1bfa1d19eb8",278,"ATP5B-ENSG00000110955.8","ATP5B","retained_candidate",435.5,0.0709234645079922,450,450,TRUE
"mv06c_global_core_panel_v1","7be22cdb9056fed427c78d58be2b19e258c7c6807e6f7ac3900bd1bfa1d19eb8",279,"PDIA3-ENSG00000167004.12","PDIA3","retained_candidate",435.5,0.0623820849075085,450,450,TRUE
"mv06c_global_core_panel_v1","7be22cdb9056fed427c78d58be2b19e258c7c6807e6f7ac3900bd1bfa1d19eb8",280,"AC079250.1-ENSG00000230979.3","AC079250.1","retained_candidate",436,0.0215215979635356,450,450,TRUE
"mv06c_global_core_panel_v1","7be22cdb9056fed427c78d58be2b19e258c7c6807e6f7ac3900bd1bfa1d19eb8",281,"ARF1-ENSG00000143761.15","ARF1","retained_candidate",437,0.0823808764986118,450,450,TRUE
"mv06c_global_core_panel_v1","7be22cdb9056fed427c78d58be2b19e258c7c6807e6f7ac3900bd1bfa1d19eb8",282,"HNRNPA3-ENSG00000170144.20","HNRNPA3","retained_candidate",438,0.0693466210138461,450,450,TRUE
"mv06c_global_core_panel_v1","7be22cdb9056fed427c78d58be2b19e258c7c6807e6f7ac3900bd1bfa1d19eb8",283,"PPP1CB-ENSG00000213639.9","PPP1CB","retained_candidate",438.5,0.0336303782228735,450,450,TRUE
"mv06c_global_core_panel_v1","7be22cdb9056fed427c78d58be2b19e258c7c6807e6f7ac3900bd1bfa1d19eb8",284,"ERP29-ENSG00000089248.6","ERP29","retained_candidate",439.5,0.0841985832788214,450,450,TRUE
"mv06c_global_core_panel_v1","7be22cdb9056fed427c78d58be2b19e258c7c6807e6f7ac3900bd1bfa1d19eb8",285,"CYCS-ENSG00000172115.8","CYCS","retained_candidate",440,0.0856372151162314,450,450,TRUE
"mv06c_global_core_panel_v1","7be22cdb9056fed427c78d58be2b19e258c7c6807e6f7ac3900bd1bfa1d19eb8",286,"YWHAE-ENSG00000108953.16","YWHAE","retained_candidate",441,0.0347132864425455,450,450,TRUE
"mv06c_global_core_panel_v1","7be22cdb9056fed427c78d58be2b19e258c7c6807e6f7ac3900bd1bfa1d19eb8",287,"LSM7-ENSG00000130332.14","LSM7","retained_candidate",444.5,0.0675178389357892,450,450,TRUE
"mv06c_global_core_panel_v1","7be22cdb9056fed427c78d58be2b19e258c7c6807e6f7ac3900bd1bfa1d19eb8",288,"NPC2-ENSG00000119655.10","NPC2","retained_candidate",445.5,0.0372021793577328,450,450,TRUE
"mv06c_global_core_panel_v1","7be22cdb9056fed427c78d58be2b19e258c7c6807e6f7ac3900bd1bfa1d19eb8",289,"SNRPB-ENSG00000125835.18","SNRPB","retained_candidate",446.5,0.0756599909337895,450,450,TRUE
"mv06c_global_core_panel_v1","7be22cdb9056fed427c78d58be2b19e258c7c6807e6f7ac3900bd1bfa1d19eb8",290,"ST13-ENSG00000100380.13","ST13","retained_candidate",450.5,0.0700610963970409,450,450,TRUE
"mv06c_global_core_panel_v1","7be22cdb9056fed427c78d58be2b19e258c7c6807e6f7ac3900bd1bfa1d19eb8",291,"TBCA-ENSG00000171530.13","TBCA","retained_candidate",450.5,0.0903985867200044,450,450,TRUE
"mv06c_global_core_panel_v1","7be22cdb9056fed427c78d58be2b19e258c7c6807e6f7ac3900bd1bfa1d19eb8",292,"C19orf53-ENSG00000104979.8","C19orf53","retained_candidate",451,0.101224804635392,450,450,TRUE
"mv06c_global_core_panel_v1","7be22cdb9056fed427c78d58be2b19e258c7c6807e6f7ac3900bd1bfa1d19eb8",293,"DNAJB1-ENSG00000132002.7","DNAJB1","retained_candidate",452.5,0.0271241390241706,450,450,TRUE
"mv06c_global_core_panel_v1","7be22cdb9056fed427c78d58be2b19e258c7c6807e6f7ac3900bd1bfa1d19eb8",294,"HSPE1-ENSG00000115541.10","HSPE1","retained_candidate",453.5,0.036797097671716,450,450,TRUE
"mv06c_global_core_panel_v1","7be22cdb9056fed427c78d58be2b19e258c7c6807e6f7ac3900bd1bfa1d19eb8",295,"CAPZB-ENSG00000077549.17","CAPZB","retained_candidate",454,0.0674347906107017,450,450,TRUE
"mv06c_global_core_panel_v1","7be22cdb9056fed427c78d58be2b19e258c7c6807e6f7ac3900bd1bfa1d19eb8",296,"BSG-ENSG00000172270.18","BSG","retained_candidate",455,0.0632022713636679,450,450,TRUE
"mv06c_global_core_panel_v1","7be22cdb9056fed427c78d58be2b19e258c7c6807e6f7ac3900bd1bfa1d19eb8",297,"SNU13-ENSG00000100138.13","SNU13","retained_candidate",455,0.0797721591198497,450,450,TRUE
"mv06c_global_core_panel_v1","7be22cdb9056fed427c78d58be2b19e258c7c6807e6f7ac3900bd1bfa1d19eb8",298,"COPE-ENSG00000105669.13","COPE","retained_candidate",457,0.100478331375054,450,450,TRUE
"mv06c_global_core_panel_v1","7be22cdb9056fed427c78d58be2b19e258c7c6807e6f7ac3900bd1bfa1d19eb8",299,"JTB-ENSG00000143543.14","JTB","retained_candidate",458,0.0441746779237279,450,450,TRUE
"mv06c_global_core_panel_v1","7be22cdb9056fed427c78d58be2b19e258c7c6807e6f7ac3900bd1bfa1d19eb8",300,"KMT2E-ENSG00000005483.20","KMT2E","retained_candidate",458,0.0435824236964495,450,450,TRUE
"mv06c_global_core_panel_v1","7be22cdb9056fed427c78d58be2b19e258c7c6807e6f7ac3900bd1bfa1d19eb8",301,"PCBP2-ENSG00000197111.15","PCBP2","retained_candidate",459.5,0.0716664077924839,450,450,TRUE
"mv06c_global_core_panel_v1","7be22cdb9056fed427c78d58be2b19e258c7c6807e6f7ac3900bd1bfa1d19eb8",302,"PSMA4-ENSG00000041357.15","PSMA4","retained_candidate",459.5,0.0767771011683854,450,450,TRUE
"mv06c_global_core_panel_v1","7be22cdb9056fed427c78d58be2b19e258c7c6807e6f7ac3900bd1bfa1d19eb8",303,"TRA2B-ENSG00000136527.17","TRA2B","retained_candidate",459.5,0.0496778155338714,450,450,TRUE
"mv06c_global_core_panel_v1","7be22cdb9056fed427c78d58be2b19e258c7c6807e6f7ac3900bd1bfa1d19eb8",304,"C9orf16-ENSG00000171159.4","C9orf16","retained_candidate",462,0.0496323062380132,450,450,TRUE
"mv06c_global_core_panel_v1","7be22cdb9056fed427c78d58be2b19e258c7c6807e6f7ac3900bd1bfa1d19eb8",305,"N4BP2L2-ENSG00000244754.8","N4BP2L2","retained_candidate",462.5,0.0407621067390102,450,450,TRUE
"mv06c_global_core_panel_v1","7be22cdb9056fed427c78d58be2b19e258c7c6807e6f7ac3900bd1bfa1d19eb8",306,"NDUFB4-ENSG00000065518.7","NDUFB4","retained_candidate",464.5,0.0734949480934775,450,450,TRUE
"mv06c_global_core_panel_v1","7be22cdb9056fed427c78d58be2b19e258c7c6807e6f7ac3900bd1bfa1d19eb8",307,"SMDT1-ENSG00000183172.8","SMDT1","retained_candidate",466.5,0.0760402053307645,450,450,TRUE
"mv06c_global_core_panel_v1","7be22cdb9056fed427c78d58be2b19e258c7c6807e6f7ac3900bd1bfa1d19eb8",308,"COX7A2L-ENSG00000115944.14","COX7A2L","retained_candidate",467,0.082559204601336,450,450,TRUE
"mv06c_global_core_panel_v1","7be22cdb9056fed427c78d58be2b19e258c7c6807e6f7ac3900bd1bfa1d19eb8",309,"MTDH-ENSG00000147649.9","MTDH","retained_candidate",469.5,0.0801870919754498,450,450,TRUE
"mv06c_global_core_panel_v1","7be22cdb9056fed427c78d58be2b19e258c7c6807e6f7ac3900bd1bfa1d19eb8",310,"COX5A-ENSG00000178741.11","COX5A","retained_candidate",471.5,0.0710025167408174,450,450,TRUE
"mv06c_global_core_panel_v1","7be22cdb9056fed427c78d58be2b19e258c7c6807e6f7ac3900bd1bfa1d19eb8",311,"DUT-ENSG00000128951.13","DUT","retained_candidate",475.5,0.041942288441687,450,450,TRUE
"mv06c_global_core_panel_v1","7be22cdb9056fed427c78d58be2b19e258c7c6807e6f7ac3900bd1bfa1d19eb8",312,"C11orf58-ENSG00000110696.9","C11orf58","retained_candidate",476,0.0825132338280714,450,450,TRUE
"mv06c_global_core_panel_v1","7be22cdb9056fed427c78d58be2b19e258c7c6807e6f7ac3900bd1bfa1d19eb8",313,"SEM1-ENSG00000127922.9","SEM1","retained_candidate",479.5,0.0623820849075085,450,450,TRUE
"mv06c_global_core_panel_v1","7be22cdb9056fed427c78d58be2b19e258c7c6807e6f7ac3900bd1bfa1d19eb8",314,"DNAJA1-ENSG00000086061.15","DNAJA1","retained_candidate",480.5,0.0371991514774609,450,450,TRUE
"mv06c_global_core_panel_v1","7be22cdb9056fed427c78d58be2b19e258c7c6807e6f7ac3900bd1bfa1d19eb8",315,"DAD1-ENSG00000129562.10","DAD1","retained_candidate",482,0.0861225106320177,450,450,TRUE
"mv06c_global_core_panel_v1","7be22cdb9056fed427c78d58be2b19e258c7c6807e6f7ac3900bd1bfa1d19eb8",316,"DSTN-ENSG00000125868.15","DSTN","retained_candidate",482,0.0389795835654242,450,450,TRUE
"mv06c_global_core_panel_v1","7be22cdb9056fed427c78d58be2b19e258c7c6807e6f7ac3900bd1bfa1d19eb8",317,"EIF2S3-ENSG00000130741.10","EIF2S3","retained_candidate",483,0.0354264597908119,450,450,TRUE
"mv06c_global_core_panel_v1","7be22cdb9056fed427c78d58be2b19e258c7c6807e6f7ac3900bd1bfa1d19eb8",318,"ZFP36L1-ENSG00000185650.9","ZFP36L1","retained_candidate",483.5,0.0371991514774608,450,450,TRUE
"mv06c_global_core_panel_v1","7be22cdb9056fed427c78d58be2b19e258c7c6807e6f7ac3900bd1bfa1d19eb8",319,"SF3B5-ENSG00000169976.6","SF3B5","retained_candidate",484,0.0833211903042561,450,450,TRUE
"mv06c_global_core_panel_v1","7be22cdb9056fed427c78d58be2b19e258c7c6807e6f7ac3900bd1bfa1d19eb8",320,"CCNL1-ENSG00000163660.11","CCNL1","retained_candidate",484.5,0.0357620598977698,450,450,TRUE
"mv06c_global_core_panel_v1","7be22cdb9056fed427c78d58be2b19e258c7c6807e6f7ac3900bd1bfa1d19eb8",321,"TUBB4B-ENSG00000188229.5","TUBB4B","retained_candidate",486,0.0140753057942886,450,450,TRUE
"mv06c_global_core_panel_v1","7be22cdb9056fed427c78d58be2b19e258c7c6807e6f7ac3900bd1bfa1d19eb8",322,"EIF5-ENSG00000100664.10","EIF5","retained_candidate",492,0.0580948242105996,450,450,TRUE
"mv06c_global_core_panel_v1","7be22cdb9056fed427c78d58be2b19e258c7c6807e6f7ac3900bd1bfa1d19eb8",323,"ARF6-ENSG00000165527.6","ARF6","retained_candidate",493,0.0620057724973383,450,450,TRUE
"mv06c_global_core_panel_v1","7be22cdb9056fed427c78d58be2b19e258c7c6807e6f7ac3900bd1bfa1d19eb8",324,"LRRFIP1-ENSG00000124831.18","LRRFIP1","retained_candidate",493.5,0.0165841988173601,450,450,TRUE
"mv06c_global_core_panel_v1","7be22cdb9056fed427c78d58be2b19e258c7c6807e6f7ac3900bd1bfa1d19eb8",325,"SNRPF-ENSG00000139343.10","SNRPF","retained_candidate",493.5,0.0371991514774608,450,450,TRUE
"mv06c_global_core_panel_v1","7be22cdb9056fed427c78d58be2b19e258c7c6807e6f7ac3900bd1bfa1d19eb8",326,"AC099336.2-ENSG00000236439.4","AC099336.2","retained_candidate",495,0.012217786336312,450,450,TRUE
"mv06c_global_core_panel_v1","7be22cdb9056fed427c78d58be2b19e258c7c6807e6f7ac3900bd1bfa1d19eb8",327,"CAPZA1-ENSG00000116489.12","CAPZA1","retained_candidate",495,0.0176017712812229,450,450,TRUE
"mv06c_global_core_panel_v1","7be22cdb9056fed427c78d58be2b19e258c7c6807e6f7ac3900bd1bfa1d19eb8",328,"FOXP1-ENSG00000114861.18","FOXP1","retained_candidate",497.5,0.0422103158017559,450,450,TRUE
"mv06c_global_core_panel_v1","7be22cdb9056fed427c78d58be2b19e258c7c6807e6f7ac3900bd1bfa1d19eb8",329,"NOP10-ENSG00000182117.5","NOP10","retained_candidate",498,0.0519341036519788,450,450,TRUE
"mv06c_global_core_panel_v1","7be22cdb9056fed427c78d58be2b19e258c7c6807e6f7ac3900bd1bfa1d19eb8",330,"HERPUD1-ENSG00000051108.14","HERPUD1","retained_candidate",499,0.0441654495184519,450,450,TRUE
"mv06c_global_core_panel_v1","7be22cdb9056fed427c78d58be2b19e258c7c6807e6f7ac3900bd1bfa1d19eb8",331,"AP2S1-ENSG00000042753.11","AP2S1","retained_candidate",499.5,0.0702038523535405,450,450,TRUE
"mv06c_global_core_panel_v1","7be22cdb9056fed427c78d58be2b19e258c7c6807e6f7ac3900bd1bfa1d19eb8",332,"ARPC5-ENSG00000162704.15","ARPC5","retained_candidate",499.5,0.0767590744948892,450,450,TRUE
"mv06c_global_core_panel_v1","7be22cdb9056fed427c78d58be2b19e258c7c6807e6f7ac3900bd1bfa1d19eb8",333,"EIF3G-ENSG00000130811.11","EIF3G","retained_candidate",500,0.0526867534845025,450,450,TRUE
"mv06c_global_core_panel_v1","7be22cdb9056fed427c78d58be2b19e258c7c6807e6f7ac3900bd1bfa1d19eb8",334,"KRT10-ENSG00000186395.7","KRT10","retained_candidate",500.5,0.075948846484765,450,450,TRUE
"mv06c_global_core_panel_v1","7be22cdb9056fed427c78d58be2b19e258c7c6807e6f7ac3900bd1bfa1d19eb8",335,"DRAP1-ENSG00000175550.7","DRAP1","retained_candidate",501,0.0649581684392784,450,450,TRUE
"mv06c_global_core_panel_v1","7be22cdb9056fed427c78d58be2b19e258c7c6807e6f7ac3900bd1bfa1d19eb8",336,"SNRPD1-ENSG00000167088.10","SNRPD1","retained_candidate",502.5,0.0615906347651322,450,450,TRUE
"mv06c_global_core_panel_v1","7be22cdb9056fed427c78d58be2b19e258c7c6807e6f7ac3900bd1bfa1d19eb8",337,"HMGN3-ENSG00000118418.14","HMGN3","retained_candidate",504,0.037525718418036,450,450,TRUE
"mv06c_global_core_panel_v1","7be22cdb9056fed427c78d58be2b19e258c7c6807e6f7ac3900bd1bfa1d19eb8",338,"DDX24-ENSG00000089737.16","DDX24","retained_candidate",505.5,0.037579323198474,450,450,TRUE
"mv06c_global_core_panel_v1","7be22cdb9056fed427c78d58be2b19e258c7c6807e6f7ac3900bd1bfa1d19eb8",339,"PRR13-ENSG00000205352.10","PRR13","retained_candidate",506,0.0199200803946079,450,450,TRUE
"mv06c_global_core_panel_v1","7be22cdb9056fed427c78d58be2b19e258c7c6807e6f7ac3900bd1bfa1d19eb8",340,"MZT2B-ENSG00000152082.13","MZT2B","retained_candidate",509,0.0496323062380132,450,450,TRUE
"mv06c_global_core_panel_v1","7be22cdb9056fed427c78d58be2b19e258c7c6807e6f7ac3900bd1bfa1d19eb8",341,"GNAS-ENSG00000087460.24","GNAS","retained_candidate",513.5,0.060575615125115,450,450,TRUE
"mv06c_global_core_panel_v1","7be22cdb9056fed427c78d58be2b19e258c7c6807e6f7ac3900bd1bfa1d19eb8",342,"MARCKSL1-ENSG00000175130.6","MARCKSL1","retained_candidate",514,0.0180816704201836,450,450,TRUE
"mv06c_global_core_panel_v1","7be22cdb9056fed427c78d58be2b19e258c7c6807e6f7ac3900bd1bfa1d19eb8",343,"PSME2-ENSG00000100911.15","PSME2","retained_candidate",514.5,0.0203814890246659,450,450,TRUE
"mv06c_global_core_panel_v1","7be22cdb9056fed427c78d58be2b19e258c7c6807e6f7ac3900bd1bfa1d19eb8",344,"PRDX6-ENSG00000117592.8","PRDX6","retained_candidate",519.5,0.0464505029028484,450,450,TRUE
"mv06c_global_core_panel_v1","7be22cdb9056fed427c78d58be2b19e258c7c6807e6f7ac3900bd1bfa1d19eb8",345,"COPS9-ENSG00000172428.10","COPS9","retained_candidate",521.5,0.0633655468874612,450,450,TRUE
"mv06c_global_core_panel_v1","7be22cdb9056fed427c78d58be2b19e258c7c6807e6f7ac3900bd1bfa1d19eb8",346,"RABAC1-ENSG00000105404.10","RABAC1","retained_candidate",524,0.0831283220931599,450,450,TRUE
"mv06c_global_core_panel_v1","7be22cdb9056fed427c78d58be2b19e258c7c6807e6f7ac3900bd1bfa1d19eb8",347,"CSDE1-ENSG00000009307.15","CSDE1","retained_candidate",528.5,0.0690238319329219,450,450,TRUE
"mv06c_global_core_panel_v1","7be22cdb9056fed427c78d58be2b19e258c7c6807e6f7ac3900bd1bfa1d19eb8",348,"SRP9-ENSG00000143742.12","SRP9","retained_candidate",528.5,0.0633655468874612,450,450,TRUE
"mv06c_global_core_panel_v1","7be22cdb9056fed427c78d58be2b19e258c7c6807e6f7ac3900bd1bfa1d19eb8",349,"SH3BGRL-ENSG00000131171.12","SH3BGRL","retained_candidate",533.5,0.0222122552056692,450,450,TRUE
"mv06c_global_core_panel_v1","7be22cdb9056fed427c78d58be2b19e258c7c6807e6f7ac3900bd1bfa1d19eb8",350,"YWHAQ-ENSG00000134308.13","YWHAQ","retained_candidate",534,0.0561518491405112,450,450,TRUE
"mv06c_global_core_panel_v1","7be22cdb9056fed427c78d58be2b19e258c7c6807e6f7ac3900bd1bfa1d19eb8",351,"PRRC2C-ENSG00000117523.15","PRRC2C","retained_candidate",536.5,0.0456419296608757,450,450,TRUE
"mv06c_global_core_panel_v1","7be22cdb9056fed427c78d58be2b19e258c7c6807e6f7ac3900bd1bfa1d19eb8",352,"AC034236.1-ENSG00000185641.6","AC034236.1","retained_candidate",538.5,0.0140753057942886,450,450,TRUE
"mv06c_global_core_panel_v1","7be22cdb9056fed427c78d58be2b19e258c7c6807e6f7ac3900bd1bfa1d19eb8",353,"H2AFV-ENSG00000105968.18","H2AFV","retained_candidate",539,0.0568842726533569,450,450,TRUE
"mv06c_global_core_panel_v1","7be22cdb9056fed427c78d58be2b19e258c7c6807e6f7ac3900bd1bfa1d19eb8",354,"TNRC6B-ENSG00000100354.20","TNRC6B","retained_candidate",539.5,0.0233485422478285,450,450,TRUE
"mv06c_global_core_panel_v1","7be22cdb9056fed427c78d58be2b19e258c7c6807e6f7ac3900bd1bfa1d19eb8",355,"RNASET2-ENSG00000026297.15","RNASET2","retained_candidate",540,0.0169219607545711,450,450,TRUE
"mv06c_global_core_panel_v1","7be22cdb9056fed427c78d58be2b19e258c7c6807e6f7ac3900bd1bfa1d19eb8",356,"TMEM123-ENSG00000152558.14","TMEM123","retained_candidate",540.5,0.0479455040153294,450,450,TRUE
"mv06c_global_core_panel_v1","7be22cdb9056fed427c78d58be2b19e258c7c6807e6f7ac3900bd1bfa1d19eb8",357,"TRA2A-ENSG00000164548.10","TRA2A","retained_candidate",541.5,0.0233485422478285,450,450,TRUE
"mv06c_global_core_panel_v1","7be22cdb9056fed427c78d58be2b19e258c7c6807e6f7ac3900bd1bfa1d19eb8",358,"EIF3D-ENSG00000100353.17","EIF3D","retained_candidate",542.5,0.0573219758631353,450,450,TRUE
"mv06c_global_core_panel_v1","7be22cdb9056fed427c78d58be2b19e258c7c6807e6f7ac3900bd1bfa1d19eb8",359,"KTN1-ENSG00000126777.17","KTN1","retained_candidate",542.5,0.0512002094220156,450,450,TRUE
"mv06c_global_core_panel_v1","7be22cdb9056fed427c78d58be2b19e258c7c6807e6f7ac3900bd1bfa1d19eb8",360,"LAMTOR5-ENSG00000134248.13","LAMTOR5","retained_candidate",542.5,0.078303404258113,450,450,TRUE
"mv06c_global_core_panel_v1","7be22cdb9056fed427c78d58be2b19e258c7c6807e6f7ac3900bd1bfa1d19eb8",361,"C14orf166-ENSG00000087302.8","C14orf166","retained_candidate",544.5,0.0651727792689519,450,450,TRUE
"mv06c_global_core_panel_v1","7be22cdb9056fed427c78d58be2b19e258c7c6807e6f7ac3900bd1bfa1d19eb8",362,"RSL1D1-ENSG00000171490.12","RSL1D1","retained_candidate",545,0.0578169086346678,450,450,TRUE
"mv06c_global_core_panel_v1","7be22cdb9056fed427c78d58be2b19e258c7c6807e6f7ac3900bd1bfa1d19eb8",363,"ANAPC11-ENSG00000141552.17","ANAPC11","retained_candidate",546,0.0668197954242627,450,450,TRUE
"mv06c_global_core_panel_v1","7be22cdb9056fed427c78d58be2b19e258c7c6807e6f7ac3900bd1bfa1d19eb8",364,"SRSF6-ENSG00000124193.14","SRSF6","retained_candidate",546.5,0.0169219607545711,450,450,TRUE
"mv06c_global_core_panel_v1","7be22cdb9056fed427c78d58be2b19e258c7c6807e6f7ac3900bd1bfa1d19eb8",365,"SYF2-ENSG00000117614.9","SYF2","retained_candidate",547,0.0580867699988431,450,450,TRUE
"mv06c_global_core_panel_v1","7be22cdb9056fed427c78d58be2b19e258c7c6807e6f7ac3900bd1bfa1d19eb8",366,"PSMB3-ENSG00000277791.4","PSMB3","retained_candidate",549.5,0.0814655735719097,450,450,TRUE
"mv06c_global_core_panel_v1","7be22cdb9056fed427c78d58be2b19e258c7c6807e6f7ac3900bd1bfa1d19eb8",367,"MRPS21-ENSG00000266472.5","MRPS21","retained_candidate",550,0.0548130828400637,450,450,TRUE
"mv06c_global_core_panel_v1","7be22cdb9056fed427c78d58be2b19e258c7c6807e6f7ac3900bd1bfa1d19eb8",368,"DAZAP2-ENSG00000183283.15","DAZAP2","retained_candidate",552.5,0.0519090362258059,450,450,TRUE
"mv06c_global_core_panel_v1","7be22cdb9056fed427c78d58be2b19e258c7c6807e6f7ac3900bd1bfa1d19eb8",369,"ISCU-ENSG00000136003.15","ISCU","retained_candidate",552.5,0.0718480929642512,450,450,TRUE
"mv06c_global_core_panel_v1","7be22cdb9056fed427c78d58be2b19e258c7c6807e6f7ac3900bd1bfa1d19eb8",370,"SCAND1-ENSG00000171222.10","SCAND1","retained_candidate",553.5,0.0718555140369177,450,450,TRUE
"mv06c_global_core_panel_v1","7be22cdb9056fed427c78d58be2b19e258c7c6807e6f7ac3900bd1bfa1d19eb8",371,"PAPOLA-ENSG00000090060.17","PAPOLA","retained_candidate",555.5,0.054613683334396,450,450,TRUE
"mv06c_global_core_panel_v1","7be22cdb9056fed427c78d58be2b19e258c7c6807e6f7ac3900bd1bfa1d19eb8",372,"PGK1-ENSG00000102144.13","PGK1","retained_candidate",556.5,0.0314449610567869,450,450,TRUE
"mv06c_global_core_panel_v1","7be22cdb9056fed427c78d58be2b19e258c7c6807e6f7ac3900bd1bfa1d19eb8",373,"RTN4-ENSG00000115310.17","RTN4","retained_candidate",557,0.0561332146034354,450,450,TRUE
"mv06c_global_core_panel_v1","7be22cdb9056fed427c78d58be2b19e258c7c6807e6f7ac3900bd1bfa1d19eb8",374,"DEK-ENSG00000124795.14","DEK","retained_candidate",557.5,0.0399038128604413,450,450,TRUE
"mv06c_global_core_panel_v1","7be22cdb9056fed427c78d58be2b19e258c7c6807e6f7ac3900bd1bfa1d19eb8",375,"ATP5C1-ENSG00000165629.19","ATP5C1","retained_candidate",558,0.0710292394466863,450,450,TRUE
"mv06c_global_core_panel_v1","7be22cdb9056fed427c78d58be2b19e258c7c6807e6f7ac3900bd1bfa1d19eb8",376,"MDM4-ENSG00000198625.12","MDM4","retained_candidate",559.5,0.0152573278655143,450,450,TRUE
"mv06c_global_core_panel_v1","7be22cdb9056fed427c78d58be2b19e258c7c6807e6f7ac3900bd1bfa1d19eb8",377,"GADD45B-ENSG00000099860.8","GADD45B","retained_candidate",560,0.010490038127126,450,450,TRUE
"mv06c_global_core_panel_v1","7be22cdb9056fed427c78d58be2b19e258c7c6807e6f7ac3900bd1bfa1d19eb8",378,"SF3B6-ENSG00000115128.6","SF3B6","retained_candidate",560,0.0767208752465047,450,450,TRUE
"mv06c_global_core_panel_v1","7be22cdb9056fed427c78d58be2b19e258c7c6807e6f7ac3900bd1bfa1d19eb8",379,"CCDC85B-ENSG00000175602.3","CCDC85B","retained_candidate",560.5,0.0424041269140409,450,450,TRUE
"mv06c_global_core_panel_v1","7be22cdb9056fed427c78d58be2b19e258c7c6807e6f7ac3900bd1bfa1d19eb8",380,"ATP6V1F-ENSG00000128524.4","ATP6V1F","retained_candidate",561,0.0759510638670745,450,450,TRUE
"mv06c_global_core_panel_v1","7be22cdb9056fed427c78d58be2b19e258c7c6807e6f7ac3900bd1bfa1d19eb8",381,"ATP6V0B-ENSG00000117410.13","ATP6V0B","retained_candidate",561.5,0.0701877869370242,450,450,TRUE
"mv06c_global_core_panel_v1","7be22cdb9056fed427c78d58be2b19e258c7c6807e6f7ac3900bd1bfa1d19eb8",382,"SLIRP-ENSG00000119705.9","SLIRP","retained_candidate",561.5,0.0314885675122222,450,450,TRUE
"mv06c_global_core_panel_v1","7be22cdb9056fed427c78d58be2b19e258c7c6807e6f7ac3900bd1bfa1d19eb8",383,"NDUFB10-ENSG00000140990.14","NDUFB10","retained_candidate",562.5,0.0542296432525796,450,450,TRUE
"mv06c_global_core_panel_v1","7be22cdb9056fed427c78d58be2b19e258c7c6807e6f7ac3900bd1bfa1d19eb8",384,"GABARAPL2-ENSG00000034713.7","GABARAPL2","retained_candidate",564.5,0.0660281225611319,450,450,TRUE
"mv06c_global_core_panel_v1","7be22cdb9056fed427c78d58be2b19e258c7c6807e6f7ac3900bd1bfa1d19eb8",385,"LSM3-ENSG00000170860.3","LSM3","retained_candidate",564.5,0.0429517258689384,450,450,TRUE
"mv06c_global_core_panel_v1","7be22cdb9056fed427c78d58be2b19e258c7c6807e6f7ac3900bd1bfa1d19eb8",386,"LAPTM4A-ENSG00000068697.6","LAPTM4A","retained_candidate",566.5,0.0426844675823592,450,450,TRUE
"mv06c_global_core_panel_v1","7be22cdb9056fed427c78d58be2b19e258c7c6807e6f7ac3900bd1bfa1d19eb8",387,"SELENOK-ENSG00000113811.10","SELENOK","retained_candidate",567,0.0710638440072577,450,450,TRUE
"mv06c_global_core_panel_v1","7be22cdb9056fed427c78d58be2b19e258c7c6807e6f7ac3900bd1bfa1d19eb8",388,"TCF25-ENSG00000141002.19","TCF25","retained_candidate",567,0.0424041269140409,450,450,TRUE
"mv06c_global_core_panel_v1","7be22cdb9056fed427c78d58be2b19e258c7c6807e6f7ac3900bd1bfa1d19eb8",389,"SFPQ-ENSG00000116560.10","SFPQ","retained_candidate",567.5,0.0413761989778867,450,450,TRUE
"mv06c_global_core_panel_v1","7be22cdb9056fed427c78d58be2b19e258c7c6807e6f7ac3900bd1bfa1d19eb8",390,"CIB1-ENSG00000185043.10","CIB1","retained_candidate",568.5,0.0364743678584286,450,450,TRUE
"mv06c_global_core_panel_v1","7be22cdb9056fed427c78d58be2b19e258c7c6807e6f7ac3900bd1bfa1d19eb8",391,"HNRNPM-ENSG00000099783.11","HNRNPM","retained_candidate",568.5,0.049694711493805,450,450,TRUE
"mv06c_global_core_panel_v1","7be22cdb9056fed427c78d58be2b19e258c7c6807e6f7ac3900bd1bfa1d19eb8",392,"LSM5-ENSG00000106355.9","LSM5","retained_candidate",568.5,0.0364743678584286,450,450,TRUE
"mv06c_global_core_panel_v1","7be22cdb9056fed427c78d58be2b19e258c7c6807e6f7ac3900bd1bfa1d19eb8",393,"NDUFS6-ENSG00000145494.11","NDUFS6","retained_candidate",569,0.0538516008775587,450,450,TRUE
"mv06c_global_core_panel_v1","7be22cdb9056fed427c78d58be2b19e258c7c6807e6f7ac3900bd1bfa1d19eb8",394,"GSTK1-ENSG00000197448.13","GSTK1","retained_candidate",569.5,0.044702232219022,450,450,TRUE
"mv06c_global_core_panel_v1","7be22cdb9056fed427c78d58be2b19e258c7c6807e6f7ac3900bd1bfa1d19eb8",395,"FKBP2-ENSG00000173486.12","FKBP2","retained_candidate",570,0.0343520660124711,450,450,TRUE
"mv06c_global_core_panel_v1","7be22cdb9056fed427c78d58be2b19e258c7c6807e6f7ac3900bd1bfa1d19eb8",396,"MARCH6-ENSG00000145495.15","MARCH6","retained_candidate",572.5,0.0098264976736969,450,450,TRUE
"mv06c_global_core_panel_v1","7be22cdb9056fed427c78d58be2b19e258c7c6807e6f7ac3900bd1bfa1d19eb8",397,"RGS2-ENSG00000116741.7","RGS2","retained_candidate",572.5,0.00740907470875816,450,450,TRUE
"mv06c_global_core_panel_v1","7be22cdb9056fed427c78d58be2b19e258c7c6807e6f7ac3900bd1bfa1d19eb8",398,"SRRM2-ENSG00000167978.16","SRRM2","retained_candidate",575,0.0481965379204176,450,450,TRUE
"mv06c_global_core_panel_v1","7be22cdb9056fed427c78d58be2b19e258c7c6807e6f7ac3900bd1bfa1d19eb8",399,"SEC11A-ENSG00000140612.13","SEC11A","retained_candidate",576,0.0563978244144624,450,450,TRUE
"mv06c_global_core_panel_v1","7be22cdb9056fed427c78d58be2b19e258c7c6807e6f7ac3900bd1bfa1d19eb8",400,"YPEL5-ENSG00000119801.12","YPEL5","retained_candidate",576,0.0215215979635356,450,450,TRUE
"mv06c_global_core_panel_v1","7be22cdb9056fed427c78d58be2b19e258c7c6807e6f7ac3900bd1bfa1d19eb8",401,"PPA1-ENSG00000180817.11","PPA1","retained_candidate",576.5,0.044702232219022,450,450,TRUE
"mv06c_global_core_panel_v1","7be22cdb9056fed427c78d58be2b19e258c7c6807e6f7ac3900bd1bfa1d19eb8",402,"RSRP1-ENSG00000117616.17","RSRP1","retained_candidate",577,0.00740907470875816,450,450,TRUE
"mv06c_global_core_panel_v1","7be22cdb9056fed427c78d58be2b19e258c7c6807e6f7ac3900bd1bfa1d19eb8",403,"TMED2-ENSG00000086598.10","TMED2","retained_candidate",578,0.0519090362258059,450,450,TRUE
"mv06c_global_core_panel_v1","7be22cdb9056fed427c78d58be2b19e258c7c6807e6f7ac3900bd1bfa1d19eb8",404,"ATP5H-ENSG00000167863.11","ATP5H","retained_candidate",579.5,0.0633655468874612,450,450,TRUE
"mv06c_global_core_panel_v1","7be22cdb9056fed427c78d58be2b19e258c7c6807e6f7ac3900bd1bfa1d19eb8",405,"NDUFB1-ENSG00000183648.9","NDUFB1","retained_candidate",580,0.012217786336312,450,450,TRUE
"mv06c_global_core_panel_v1","7be22cdb9056fed427c78d58be2b19e258c7c6807e6f7ac3900bd1bfa1d19eb8",406,"SSBP1-ENSG00000106028.10","SSBP1","retained_candidate",581,0.0709695318152743,450,450,TRUE
"mv06c_global_core_panel_v1","7be22cdb9056fed427c78d58be2b19e258c7c6807e6f7ac3900bd1bfa1d19eb8",407,"RBM8A-ENSG00000265241.6","RBM8A","retained_candidate",582,0.060575615125115,450,450,TRUE
"mv06c_global_core_panel_v1","7be22cdb9056fed427c78d58be2b19e258c7c6807e6f7ac3900bd1bfa1d19eb8",408,"ANKRD12-ENSG00000101745.16","ANKRD12","retained_candidate",582.5,0.0534368465596297,450,450,TRUE
"mv06c_global_core_panel_v1","7be22cdb9056fed427c78d58be2b19e258c7c6807e6f7ac3900bd1bfa1d19eb8",409,"FIS1-ENSG00000214253.8","FIS1","retained_candidate",585.5,0.0322036298641899,450,450,TRUE
"mv06c_global_core_panel_v1","7be22cdb9056fed427c78d58be2b19e258c7c6807e6f7ac3900bd1bfa1d19eb8",410,"SRSF11-ENSG00000116754.13","SRSF11","retained_candidate",587.5,0.0382532137159387,450,450,TRUE
"mv06c_global_core_panel_v1","7be22cdb9056fed427c78d58be2b19e258c7c6807e6f7ac3900bd1bfa1d19eb8",411,"CLTA-ENSG00000122705.16","CLTA","retained_candidate",589.5,0.0350714262737624,450,450,TRUE
"mv06c_global_core_panel_v1","7be22cdb9056fed427c78d58be2b19e258c7c6807e6f7ac3900bd1bfa1d19eb8",412,"HSPD1-ENSG00000144381.16","HSPD1","retained_candidate",590.5,0.0145829406966034,450,450,TRUE
"mv06c_global_core_panel_v1","7be22cdb9056fed427c78d58be2b19e258c7c6807e6f7ac3900bd1bfa1d19eb8",413,"ATP5F1-ENSG00000116459.10","ATP5F1","retained_candidate",591,0.0604713006365748,450,450,TRUE
"mv06c_global_core_panel_v1","7be22cdb9056fed427c78d58be2b19e258c7c6807e6f7ac3900bd1bfa1d19eb8",414,"C6orf62-ENSG00000112308.12","C6orf62","retained_candidate",592,0.0157557175133777,450,450,TRUE
"mv06c_global_core_panel_v1","7be22cdb9056fed427c78d58be2b19e258c7c6807e6f7ac3900bd1bfa1d19eb8",415,"MGST3-ENSG00000143198.12","MGST3","retained_candidate",592.5,0.0481965379204176,450,450,TRUE
"mv06c_global_core_panel_v1","7be22cdb9056fed427c78d58be2b19e258c7c6807e6f7ac3900bd1bfa1d19eb8",416,"WDR83OS-ENSG00000105583.9","WDR83OS","retained_candidate",593.5,0.0672440374491633,450,450,TRUE
"mv06c_global_core_panel_v1","7be22cdb9056fed427c78d58be2b19e258c7c6807e6f7ac3900bd1bfa1d19eb8",417,"RWDD1-ENSG00000111832.12","RWDD1","retained_candidate",595.5,0.0624813576140871,450,450,TRUE
"mv06c_global_core_panel_v1","7be22cdb9056fed427c78d58be2b19e258c7c6807e6f7ac3900bd1bfa1d19eb8",418,"GDI2-ENSG00000057608.16","GDI2","retained_candidate",599.5,0.0571806787381915,450,450,TRUE
"mv06c_global_core_panel_v1","7be22cdb9056fed427c78d58be2b19e258c7c6807e6f7ac3900bd1bfa1d19eb8",419,"AURKAIP1-ENSG00000175756.13","AURKAIP1","retained_candidate",601,0.0682616840656327,450,450,TRUE
"mv06c_global_core_panel_v1","7be22cdb9056fed427c78d58be2b19e258c7c6807e6f7ac3900bd1bfa1d19eb8",420,"FKBP8-ENSG00000105701.15","FKBP8","retained_candidate",601.5,0.0428506304892232,450,450,TRUE
"mv06c_global_core_panel_v1","7be22cdb9056fed427c78d58be2b19e258c7c6807e6f7ac3900bd1bfa1d19eb8",421,"ARL6IP5-ENSG00000144746.6","ARL6IP5","retained_candidate",603,0.0288080754588036,450,450,TRUE
"mv06c_global_core_panel_v1","7be22cdb9056fed427c78d58be2b19e258c7c6807e6f7ac3900bd1bfa1d19eb8",422,"CD164-ENSG00000135535.15","CD164","retained_candidate",603,0.0559451030964651,450,450,TRUE
"mv06c_global_core_panel_v1","7be22cdb9056fed427c78d58be2b19e258c7c6807e6f7ac3900bd1bfa1d19eb8",423,"SIVA1-ENSG00000184990.12","SIVA1","retained_candidate",606.5,0.0466938625533613,450,450,TRUE
"mv06c_global_core_panel_v1","7be22cdb9056fed427c78d58be2b19e258c7c6807e6f7ac3900bd1bfa1d19eb8",424,"AP2M1-ENSG00000161203.13","AP2M1","retained_candidate",608,0.0541756371778435,450,450,TRUE
"mv06c_global_core_panel_v1","7be22cdb9056fed427c78d58be2b19e258c7c6807e6f7ac3900bd1bfa1d19eb8",425,"C1QBP-ENSG00000108561.8","C1QBP","retained_candidate",611.5,0.046924139822135,450,450,TRUE
"mv06c_global_core_panel_v1","7be22cdb9056fed427c78d58be2b19e258c7c6807e6f7ac3900bd1bfa1d19eb8",426,"IRF1-ENSG00000125347.13","IRF1","retained_candidate",611.5,0.00862105297901799,450,450,TRUE
"mv06c_global_core_panel_v1","7be22cdb9056fed427c78d58be2b19e258c7c6807e6f7ac3900bd1bfa1d19eb8",427,"HNRNPF-ENSG00000169813.16","HNRNPF","retained_candidate",612,0.0426844675823592,450,450,TRUE
"mv06c_global_core_panel_v1","7be22cdb9056fed427c78d58be2b19e258c7c6807e6f7ac3900bd1bfa1d19eb8",428,"SNRPB2-ENSG00000125870.10","SNRPB2","retained_candidate",614,0.0592030601703143,450,450,TRUE
"mv06c_global_core_panel_v1","7be22cdb9056fed427c78d58be2b19e258c7c6807e6f7ac3900bd1bfa1d19eb8",429,"SPCS2-ENSG00000118363.11","SPCS2","retained_candidate",614.5,0.0498348477434328,450,450,TRUE
"mv06c_global_core_panel_v1","7be22cdb9056fed427c78d58be2b19e258c7c6807e6f7ac3900bd1bfa1d19eb8",430,"FUS-ENSG00000089280.18","FUS","retained_candidate",618.5,0.030029059413585,450,450,TRUE
"mv06c_global_core_panel_v1","7be22cdb9056fed427c78d58be2b19e258c7c6807e6f7ac3900bd1bfa1d19eb8",431,"BLOC1S1-ENSG00000135441.7","BLOC1S1","retained_candidate",619.5,0.0271241390241706,450,450,TRUE
"mv06c_global_core_panel_v1","7be22cdb9056fed427c78d58be2b19e258c7c6807e6f7ac3900bd1bfa1d19eb8",432,"NDUFA3-ENSG00000170906.15","NDUFA3","retained_candidate",619.5,0.0169219607545711,450,450,TRUE
"mv06c_global_core_panel_v1","7be22cdb9056fed427c78d58be2b19e258c7c6807e6f7ac3900bd1bfa1d19eb8",433,"SELENOF-ENSG00000183291.15","SELENOF","retained_candidate",620,0.0710025167408174,450,450,TRUE
"mv06c_global_core_panel_v1","7be22cdb9056fed427c78d58be2b19e258c7c6807e6f7ac3900bd1bfa1d19eb8",434,"ATF4-ENSG00000128272.14","ATF4","retained_candidate",621.5,0.0357484587909791,450,450,TRUE
"mv06c_global_core_panel_v1","7be22cdb9056fed427c78d58be2b19e258c7c6807e6f7ac3900bd1bfa1d19eb8",435,"GADD45GIP1-ENSG00000179271.2","GADD45GIP1","retained_candidate",621.5,0.0543990408674815,450,450,TRUE
"mv06c_global_core_panel_v1","7be22cdb9056fed427c78d58be2b19e258c7c6807e6f7ac3900bd1bfa1d19eb8",436,"NDUFB8-ENSG00000166136.15","NDUFB8","retained_candidate",622.5,0.0169219607545711,450,450,TRUE
"mv06c_global_core_panel_v1","7be22cdb9056fed427c78d58be2b19e258c7c6807e6f7ac3900bd1bfa1d19eb8",437,"EIF3M-ENSG00000149100.12","EIF3M","retained_candidate",623.5,0.0293194204193582,450,450,TRUE
"mv06c_global_core_panel_v1","7be22cdb9056fed427c78d58be2b19e258c7c6807e6f7ac3900bd1bfa1d19eb8",438,"SUMO1-ENSG00000116030.16","SUMO1","retained_candidate",626,0.0606933783405963,450,450,TRUE
"mv06c_global_core_panel_v1","7be22cdb9056fed427c78d58be2b19e258c7c6807e6f7ac3900bd1bfa1d19eb8",439,"AC079140.2-ENSG00000250321.1","AC079140.2","retained_candidate",630.5,0.00862105297901799,450,450,TRUE
"mv06c_global_core_panel_v1","7be22cdb9056fed427c78d58be2b19e258c7c6807e6f7ac3900bd1bfa1d19eb8",440,"FBL-ENSG00000105202.8","FBL","retained_candidate",631,0.044702232219022,450,450,TRUE
"mv06c_global_core_panel_v1","7be22cdb9056fed427c78d58be2b19e258c7c6807e6f7ac3900bd1bfa1d19eb8",441,"GHITM-ENSG00000165678.20","GHITM","retained_candidate",632,0.0649581684392784,450,450,TRUE
"mv06c_global_core_panel_v1","7be22cdb9056fed427c78d58be2b19e258c7c6807e6f7ac3900bd1bfa1d19eb8",442,"HSBP1-ENSG00000230989.6","HSBP1","retained_candidate",632,0.0152573278655143,450,450,TRUE
"mv06c_global_core_panel_v1","7be22cdb9056fed427c78d58be2b19e258c7c6807e6f7ac3900bd1bfa1d19eb8",443,"VPS28-ENSG00000160948.13","VPS28","retained_candidate",632,0.0530883929723041,450,450,TRUE
"mv06c_global_core_panel_v1","7be22cdb9056fed427c78d58be2b19e258c7c6807e6f7ac3900bd1bfa1d19eb8",444,"PTP4A2-ENSG00000184007.18","PTP4A2","retained_candidate",632.5,0.050188770380231,450,450,TRUE
"mv06c_global_core_panel_v1","7be22cdb9056fed427c78d58be2b19e258c7c6807e6f7ac3900bd1bfa1d19eb8",445,"NAA38-ENSG00000183011.13","NAA38","retained_candidate",633,0.0203814890246659,450,450,TRUE
"mv06c_global_core_panel_v1","7be22cdb9056fed427c78d58be2b19e258c7c6807e6f7ac3900bd1bfa1d19eb8",446,"VAPA-ENSG00000101558.13","VAPA","retained_candidate",636,0.066470501870081,450,450,TRUE
"mv06c_global_core_panel_v1","7be22cdb9056fed427c78d58be2b19e258c7c6807e6f7ac3900bd1bfa1d19eb8",447,"TUFM-ENSG00000178952.10","TUFM","retained_candidate",639.5,0.0595224890188751,450,450,TRUE
"mv06c_global_core_panel_v1","7be22cdb9056fed427c78d58be2b19e258c7c6807e6f7ac3900bd1bfa1d19eb8",448,"NDUFA2-ENSG00000131495.8","NDUFA2","retained_candidate",640,0.0576815277292534,450,450,TRUE
"mv06c_global_core_panel_v1","7be22cdb9056fed427c78d58be2b19e258c7c6807e6f7ac3900bd1bfa1d19eb8",449,"NOSIP-ENSG00000142546.13","NOSIP","retained_candidate",640,0.0385705354020624,450,450,TRUE
"mv06c_global_core_panel_v1","7be22cdb9056fed427c78d58be2b19e258c7c6807e6f7ac3900bd1bfa1d19eb8",450,"NDUFA12-ENSG00000184752.12","NDUFA12","retained_candidate",642.5,0.075958460800284,450,450,TRUE
"mv06c_global_core_panel_v1","7be22cdb9056fed427c78d58be2b19e258c7c6807e6f7ac3900bd1bfa1d19eb8",451,"RBMX-ENSG00000147274.14","RBMX","retained_candidate",642.5,0.0385705354020624,450,450,TRUE
"mv06c_global_core_panel_v1","7be22cdb9056fed427c78d58be2b19e258c7c6807e6f7ac3900bd1bfa1d19eb8",452,"XBP1-ENSG00000100219.16","XBP1","retained_candidate",643.5,0.0203814890246659,450,450,TRUE
"mv06c_global_core_panel_v1","7be22cdb9056fed427c78d58be2b19e258c7c6807e6f7ac3900bd1bfa1d19eb8",453,"DNAJB6-ENSG00000105993.14","DNAJB6","retained_candidate",644,0.0192348465102152,450,450,TRUE
"mv06c_global_core_panel_v1","7be22cdb9056fed427c78d58be2b19e258c7c6807e6f7ac3900bd1bfa1d19eb8",454,"TAPBP-ENSG00000231925.11","TAPBP","retained_candidate",646,0.00740907470875816,450,450,TRUE
"mv06c_global_core_panel_v1","7be22cdb9056fed427c78d58be2b19e258c7c6807e6f7ac3900bd1bfa1d19eb8",455,"BZW1-ENSG00000082153.17","BZW1","retained_candidate",650.5,0.0371991514774608,450,450,TRUE
"mv06c_global_core_panel_v1","7be22cdb9056fed427c78d58be2b19e258c7c6807e6f7ac3900bd1bfa1d19eb8",456,"CBX3-ENSG00000122565.18","CBX3","retained_candidate",651.5,0.0429517258689384,450,450,TRUE
"mv06c_global_core_panel_v1","7be22cdb9056fed427c78d58be2b19e258c7c6807e6f7ac3900bd1bfa1d19eb8",457,"MRPL51-ENSG00000111639.7","MRPL51","retained_candidate",656.5,0.0414846106186517,450,450,TRUE
"mv06c_global_core_panel_v1","7be22cdb9056fed427c78d58be2b19e258c7c6807e6f7ac3900bd1bfa1d19eb8",458,"TMEM14B-ENSG00000137210.13","TMEM14B","retained_candidate",658,0.0481965379204176,450,450,TRUE
"mv06c_global_core_panel_v1","7be22cdb9056fed427c78d58be2b19e258c7c6807e6f7ac3900bd1bfa1d19eb8",459,"MPC2-ENSG00000143158.10","MPC2","retained_candidate",659.5,0.037839202976872,450,450,TRUE
"mv06c_global_core_panel_v1","7be22cdb9056fed427c78d58be2b19e258c7c6807e6f7ac3900bd1bfa1d19eb8",460,"SOD2-ENSG00000112096.16","SOD2","retained_candidate",659.5,0.0256015156054044,450,450,TRUE
"mv06c_global_core_panel_v1","7be22cdb9056fed427c78d58be2b19e258c7c6807e6f7ac3900bd1bfa1d19eb8",461,"AC068724.1-ENSG00000205871.5","AC068724.1","retained_candidate",660,0.012217786336312,450,450,TRUE
"mv06c_global_core_panel_v1","7be22cdb9056fed427c78d58be2b19e258c7c6807e6f7ac3900bd1bfa1d19eb8",462,"CTNNB1-ENSG00000168036.16","CTNNB1","retained_candidate",660.5,0.012217786336312,450,450,TRUE
"mv06c_global_core_panel_v1","7be22cdb9056fed427c78d58be2b19e258c7c6807e6f7ac3900bd1bfa1d19eb8",463,"ABRACL-ENSG00000146386.7","ABRACL","retained_candidate",661,0.0145829406966034,450,450,TRUE
"mv06c_global_core_panel_v1","7be22cdb9056fed427c78d58be2b19e258c7c6807e6f7ac3900bd1bfa1d19eb8",464,"PSMB6-ENSG00000142507.9","PSMB6","retained_candidate",661.5,0.0718505180566376,450,450,TRUE
"mv06c_global_core_panel_v1","7be22cdb9056fed427c78d58be2b19e258c7c6807e6f7ac3900bd1bfa1d19eb8",465,"SELENOW-ENSG00000178980.14","SELENOW","retained_candidate",662,0.0399038128604413,450,450,TRUE
"mv06c_global_core_panel_v1","7be22cdb9056fed427c78d58be2b19e258c7c6807e6f7ac3900bd1bfa1d19eb8",466,"BLVRB-ENSG00000090013.9","BLVRB","retained_candidate",664,0.00125117972374532,450,450,TRUE
"mv06c_global_core_panel_v1","7be22cdb9056fed427c78d58be2b19e258c7c6807e6f7ac3900bd1bfa1d19eb8",467,"SERPINB1-ENSG00000021355.12","SERPINB1","retained_candidate",664,0.00496551744149577,450,450,TRUE
"mv06c_global_core_panel_v1","7be22cdb9056fed427c78d58be2b19e258c7c6807e6f7ac3900bd1bfa1d19eb8",468,"BRD2-ENSG00000204256.12","BRD2","retained_candidate",665.5,0.0244782957144069,450,450,TRUE
"mv06c_global_core_panel_v1","7be22cdb9056fed427c78d58be2b19e258c7c6807e6f7ac3900bd1bfa1d19eb8",469,"AL590867.2-ENSG00000218426.5","AL590867.2","retained_candidate",666,0.0098264976736969,450,450,TRUE
"mv06c_global_core_panel_v1","7be22cdb9056fed427c78d58be2b19e258c7c6807e6f7ac3900bd1bfa1d19eb8",470,"ACTR2-ENSG00000138071.13","ACTR2","retained_candidate",669,0.036797097671716,450,450,TRUE
"mv06c_global_core_panel_v1","7be22cdb9056fed427c78d58be2b19e258c7c6807e6f7ac3900bd1bfa1d19eb8",471,"CTSD-ENSG00000117984.13","CTSD","retained_candidate",671,0.0296377756918503,450,450,TRUE
"mv06c_global_core_panel_v1","7be22cdb9056fed427c78d58be2b19e258c7c6807e6f7ac3900bd1bfa1d19eb8",472,"SSU72-ENSG00000160075.11","SSU72","retained_candidate",671,0.0551726347061819,450,450,TRUE
"mv06c_global_core_panel_v1","7be22cdb9056fed427c78d58be2b19e258c7c6807e6f7ac3900bd1bfa1d19eb8",473,"LSM4-ENSG00000130520.10","LSM4","retained_candidate",672,0.0431413434790082,450,450,TRUE
"mv06c_global_core_panel_v1","7be22cdb9056fed427c78d58be2b19e258c7c6807e6f7ac3900bd1bfa1d19eb8",474,"MAP1LC3B-ENSG00000140941.12","MAP1LC3B","retained_candidate",673.5,0.0354164837232403,450,450,TRUE
"mv06c_global_core_panel_v1","7be22cdb9056fed427c78d58be2b19e258c7c6807e6f7ac3900bd1bfa1d19eb8",475,"PSMD8-ENSG00000099341.11","PSMD8","retained_candidate",675,0.0424041269140409,450,450,TRUE
"mv06c_global_core_panel_v1","7be22cdb9056fed427c78d58be2b19e258c7c6807e6f7ac3900bd1bfa1d19eb8",476,"PNN-ENSG00000100941.8","PNN","retained_candidate",676.5,0.0237822151145324,450,450,TRUE
"mv06c_global_core_panel_v1","7be22cdb9056fed427c78d58be2b19e258c7c6807e6f7ac3900bd1bfa1d19eb8",477,"WTAP-ENSG00000146457.14","WTAP","retained_candidate",677.5,0.0521230891130886,450,450,TRUE
"mv06c_global_core_panel_v1","7be22cdb9056fed427c78d58be2b19e258c7c6807e6f7ac3900bd1bfa1d19eb8",478,"CSNK1A1-ENSG00000113712.17","CSNK1A1","retained_candidate",679,0.0364743678584286,450,450,TRUE
"mv06c_global_core_panel_v1","7be22cdb9056fed427c78d58be2b19e258c7c6807e6f7ac3900bd1bfa1d19eb8",479,"DYNLT1-ENSG00000146425.10","DYNLT1","retained_candidate",680,0.0350714262737624,450,450,TRUE
"mv06c_global_core_panel_v1","7be22cdb9056fed427c78d58be2b19e258c7c6807e6f7ac3900bd1bfa1d19eb8",480,"DDX18-ENSG00000088205.12","DDX18","retained_candidate",681,0.0540471632559387,450,450,TRUE
"mv06c_global_core_panel_v1","7be22cdb9056fed427c78d58be2b19e258c7c6807e6f7ac3900bd1bfa1d19eb8",481,"PPIG-ENSG00000138398.15","PPIG","retained_candidate",682,0.0336315803027625,450,450,TRUE
"mv06c_global_core_panel_v1","7be22cdb9056fed427c78d58be2b19e258c7c6807e6f7ac3900bd1bfa1d19eb8",482,"MRPL33-ENSG00000243147.7","MRPL33","retained_candidate",682.5,0.0346932863346612,450,450,TRUE
"mv06c_global_core_panel_v1","7be22cdb9056fed427c78d58be2b19e258c7c6807e6f7ac3900bd1bfa1d19eb8",483,"SDCBP-ENSG00000137575.11","SDCBP","retained_candidate",683.5,0.0296330320472422,450,450,TRUE
"mv06c_global_core_panel_v1","7be22cdb9056fed427c78d58be2b19e258c7c6807e6f7ac3900bd1bfa1d19eb8",484,"CD47-ENSG00000196776.14","CD47","retained_candidate",684.5,0.0281178334908,450,450,TRUE
"mv06c_global_core_panel_v1","7be22cdb9056fed427c78d58be2b19e258c7c6807e6f7ac3900bd1bfa1d19eb8",485,"SRI-ENSG00000075142.13","SRI","retained_candidate",684.5,0.0585936749342746,450,450,TRUE
"mv06c_global_core_panel_v1","7be22cdb9056fed427c78d58be2b19e258c7c6807e6f7ac3900bd1bfa1d19eb8",486,"TOMM20-ENSG00000173726.10","TOMM20","retained_candidate",684.5,0.0403417374661516,450,450,TRUE
"mv06c_global_core_panel_v1","7be22cdb9056fed427c78d58be2b19e258c7c6807e6f7ac3900bd1bfa1d19eb8",487,"TMEM230-ENSG00000089063.14","TMEM230","retained_candidate",686,0.0733345454945388,450,450,TRUE
"mv06c_global_core_panel_v1","7be22cdb9056fed427c78d58be2b19e258c7c6807e6f7ac3900bd1bfa1d19eb8",488,"XRCC6-ENSG00000196419.12","XRCC6","retained_candidate",686.5,0.0530883929723041,450,450,TRUE
"mv06c_global_core_panel_v1","7be22cdb9056fed427c78d58be2b19e258c7c6807e6f7ac3900bd1bfa1d19eb8",489,"TAX1BP1-ENSG00000106052.13","TAX1BP1","retained_candidate",688,0.0581061790184472,450,450,TRUE
"mv06c_global_core_panel_v1","7be22cdb9056fed427c78d58be2b19e258c7c6807e6f7ac3900bd1bfa1d19eb8",490,"MIER1-ENSG00000198160.14","MIER1","retained_candidate",690.5,0.0199200803946079,450,450,TRUE
"mv06c_global_core_panel_v1","7be22cdb9056fed427c78d58be2b19e258c7c6807e6f7ac3900bd1bfa1d19eb8",491,"AC246787.1-ENSG00000225200.2","AC246787.1","retained_candidate",691,0.0145829406966034,450,450,TRUE
"mv06c_global_core_panel_v1","7be22cdb9056fed427c78d58be2b19e258c7c6807e6f7ac3900bd1bfa1d19eb8",492,"RBM25-ENSG00000119707.13","RBM25","retained_candidate",692,0.0274185804300191,450,450,TRUE
"mv06c_global_core_panel_v1","7be22cdb9056fed427c78d58be2b19e258c7c6807e6f7ac3900bd1bfa1d19eb8",493,"SNHG7-ENSG00000233016.6","SNHG7","retained_candidate",693,0.0157557175133777,450,450,TRUE
"mv06c_global_core_panel_v1","7be22cdb9056fed427c78d58be2b19e258c7c6807e6f7ac3900bd1bfa1d19eb8",494,"PSMB7-ENSG00000136930.12","PSMB7","retained_candidate",694.5,0.0525119477424369,450,450,TRUE
"mv06c_global_core_panel_v1","7be22cdb9056fed427c78d58be2b19e258c7c6807e6f7ac3900bd1bfa1d19eb8",495,"ENSA-ENSG00000143420.18","ENSA","retained_candidate",697.5,0.0292270949438924,450,450,TRUE
"mv06c_global_core_panel_v1","7be22cdb9056fed427c78d58be2b19e258c7c6807e6f7ac3900bd1bfa1d19eb8",496,"LAMTOR1-ENSG00000149357.9","LAMTOR1","retained_candidate",698,0.0397080445005324,450,450,TRUE
"mv06c_global_core_panel_v1","7be22cdb9056fed427c78d58be2b19e258c7c6807e6f7ac3900bd1bfa1d19eb8",497,"PSIP1-ENSG00000164985.14","PSIP1","retained_candidate",700,0.0176017712812229,450,450,TRUE
"mv06c_global_core_panel_v1","7be22cdb9056fed427c78d58be2b19e258c7c6807e6f7ac3900bd1bfa1d19eb8",498,"TALDO1-ENSG00000177156.10","TALDO1","retained_candidate",700.5,0.0517426518130602,450,450,TRUE
"mv06c_global_core_panel_v1","7be22cdb9056fed427c78d58be2b19e258c7c6807e6f7ac3900bd1bfa1d19eb8",499,"TTC3-ENSG00000182670.13","TTC3","retained_candidate",700.5,0.0226551733268245,450,450,TRUE
"mv06c_global_core_panel_v1","7be22cdb9056fed427c78d58be2b19e258c7c6807e6f7ac3900bd1bfa1d19eb8",500,"ENY2-ENSG00000120533.12","ENY2","retained_candidate",701,0.0587430110403978,450,450,TRUE
