"contract_id","comparison_order","summary_bytes","summary_sha256","neighbor_bytes","neighbor_sha256","pair_axis_bytes","pair_axis_sha256","status_sha256","independently_rehashed"
"mv08zz_private_rehash_v1",1,1387,"bdc8cb859c71beb106021d111074b60c91d84d10db838e071cb9f6b0d9a2a69e",10681,"e9d278811bf1f6335bcf2d7c034fd2fc1112b09929c387cfb72e0fac2377d1cc",686384,"3fb0d4406ff89f4ab2aba1d2cea4bcb52acde7008820e7387f8bfbd5f9e9cff6","de261640c0ff4c24d81d6111d266a29fbaf64ecd802779de4b5f9f275ed8e685",TRUE
"mv08zz_private_rehash_v1",2,1383,"85fb7d17c1fa12a23736db86f852e50218f238a13830e295114ba2444bee1c99",11028,"6db33bc54514a70a04b9df4d646683381e8904459102b8d4dcd4e30ae62670b4",686384,"3fb0d4406ff89f4ab2aba1d2cea4bcb52acde7008820e7387f8bfbd5f9e9cff6","17740c5498e8a3125746568fd03328b381193d51084c004d60d7b28bb96f5016",TRUE
"mv08zz_private_rehash_v1",3,1414,"e3a2b64919e6ddd2669c56f661ec80f4d7c9772abd94879e6285652265adf1d2",12021,"20b822d6d61b8c10cf635848b66eac308c47c3be2fbbd8e6f0fedebaafe0b1e5",686384,"3fb0d4406ff89f4ab2aba1d2cea4bcb52acde7008820e7387f8bfbd5f9e9cff6","baed6f4eb451f373002d40948ceb965c60dea0ce75792cb0898e19a57b11dcd6",TRUE
"mv08zz_private_rehash_v1",4,1389,"ee97cc98e917701e2335d07ea142e5faf6667687093ddf83da787e71928b4be4",10553,"95e21577283a6a273cf3b115dff71719a7af0470c9be5d4a7fa6a84e0325a9e7",686384,"3fb0d4406ff89f4ab2aba1d2cea4bcb52acde7008820e7387f8bfbd5f9e9cff6","103d4b243dbd0b83d2b88367868504f132a40e01e87a8f8ee335320a7bafb13a",TRUE
"mv08zz_private_rehash_v1",5,1382,"e199ef4ae1a21f29f0ac076f5f7607d785413dc01387c980fbe8ed2c69634b4e",10930,"9ff7c77d580548175064159b75bf69bd67506ea6bcee670d3836dd8b4d67432c",686384,"3fb0d4406ff89f4ab2aba1d2cea4bcb52acde7008820e7387f8bfbd5f9e9cff6","ec56908451cbc07b79286f4aece8b3690f7f47913edeac4335163ac94c786694",TRUE
"mv08zz_private_rehash_v1",6,1414,"f2cf644e3ffa83d4991bf42e23e0e23e41420e3e1bf8cb7a74584855daf68d82",11977,"8778ea23fcda91acdda1baa7acbbd9abb67501441349341c3feb687cf1d12656",686384,"3fb0d4406ff89f4ab2aba1d2cea4bcb52acde7008820e7387f8bfbd5f9e9cff6","12ea0767815050400aab7d2a23981d777c1f089717afc61f9f45524357bfb074",TRUE
"mv08zz_private_rehash_v1",7,1403,"99f87003e706e0a69edb9200110e63f9f541fce1c6adf06ae1c516cfe30e986b",10729,"2c02e50447d2f18bbc617e504307bf98de7e61f9eba64b4282462c786fa5c635",686384,"3fb0d4406ff89f4ab2aba1d2cea4bcb52acde7008820e7387f8bfbd5f9e9cff6","99a41e71e3c9c7c9402142fca77cd85ec65961027d0962d1e5238d6b045ebaab",TRUE
"mv08zz_private_rehash_v1",8,1384,"3e1c10019fc2220b6c593d44942e8eb9cbae17b7a7ff6bd476e9020f30ab0d0b",10947,"123ff1138ec7d27750a03e5cebf1ccec359539193b81ebce0ce75feb18bfe0fe",686384,"3fb0d4406ff89f4ab2aba1d2cea4bcb52acde7008820e7387f8bfbd5f9e9cff6","2c59a3976b08a5eac8752b27d7d4f6abac31d6da8431e9dcabefa493a563221d",TRUE
"mv08zz_private_rehash_v1",9,1413,"84c6c68c4888084f45dc541b532de9861ece4ef132d79484d7a8bb7d75bfc051",11964,"6bb62befd5b9e1f7565b407f4a733c62bd9f79e036dfd4ab550c796ef535438e",686384,"3fb0d4406ff89f4ab2aba1d2cea4bcb52acde7008820e7387f8bfbd5f9e9cff6","7308dd78a841a4a35b921ffde42c760d1f806c8af776df8f01bbfae8da7e9381",TRUE
"mv08zz_private_rehash_v1",10,1406,"813b16c02c6f7d75d6ee75bb36b3de6340981f9b700313f87be8fba4e83c21d2",10713,"d8c2e5fc220a3d365d7edc997cffd8dca6c2140dfb9b9fc6af56195d944ba392",686384,"3fb0d4406ff89f4ab2aba1d2cea4bcb52acde7008820e7387f8bfbd5f9e9cff6","2280ad40afc621fbcde8fdf98c0fb2ab1da3eac5b8acb20313820bee0a3d6c90",TRUE
"mv08zz_private_rehash_v1",11,1384,"f7f9d900fea3ca0c4bcab777b3d40f486c3c5e66c49c9dd8bcf53b13dccd895f",10982,"48c0514d0f20bd8f8b43d54503d0bbef867f6b498f7f68ce7cdc5655c9324f74",686384,"3fb0d4406ff89f4ab2aba1d2cea4bcb52acde7008820e7387f8bfbd5f9e9cff6","723bcdd5f855e9155e197c72a0786059e3082a3bea7fb85170a8b07a1472e9f9",TRUE
"mv08zz_private_rehash_v1",12,1414,"857bbf81cee89f4d60234353c4fecc1ad29f56b9b0d3ecbee34aa602531c98ec",12008,"6ccd48892071e5a2d8d1ce1a8ca8bae097b35f13a7cc307d0f4df83bb409bffc",686384,"3fb0d4406ff89f4ab2aba1d2cea4bcb52acde7008820e7387f8bfbd5f9e9cff6","16ec856383e84b49e9a7c98873f6104c7cee9ab841f30823ab90cc655fd063e0",TRUE
"mv08zz_private_rehash_v1",13,1388,"7ec4b7a75e5b3522d9daaec99bbf85c866812dbce1d2cb92ffaf73e90d55a26c",10537,"97418fabe1732ab980ab47a7137c018b3d3beeca2bdf23b4d62b7530d31c5e23",686384,"3fb0d4406ff89f4ab2aba1d2cea4bcb52acde7008820e7387f8bfbd5f9e9cff6","0a3cd4c8189b1ae987bd6a8f0bb456fbcc44c7281b750c5b23ab958ffccef091",TRUE
"mv08zz_private_rehash_v1",14,1383,"6c29401a11374a40c67834fb6ebe92f7e62b07be99df3b623a55548717d94624",10964,"b5cdb097e2dbaa396fc24cbb48787f492d19b390a1da98a63f220d07cf57429b",686384,"3fb0d4406ff89f4ab2aba1d2cea4bcb52acde7008820e7387f8bfbd5f9e9cff6","4b3ff8eb996933f156713063afac2c4581a134a62a8706ddb215750a28966f98",TRUE
"mv08zz_private_rehash_v1",15,1412,"ac2cd41f7edb9f5462f3908555e4c3818ec475e7eb3fff66c80c182656ed17d3",11891,"1cc6c4f383ad2a4bd6f8cd5edaddc58c0cfafb8270bb8d5c0e9212aaed20c8f8",686384,"3fb0d4406ff89f4ab2aba1d2cea4bcb52acde7008820e7387f8bfbd5f9e9cff6","1c8634288735b7575111143d663911509371dc7c997d68b2cb7c53556291a757",TRUE
"mv08zz_private_rehash_v1",16,1411,"c34d05716494bd8c63f25f5c19953a2a9b8ffbdb88eff2ce08d1d42e6637ea8d",11369,"defefee4b90135750b47cc55d32e209905c470c2854a020a9cb05e113c147692",686384,"3fb0d4406ff89f4ab2aba1d2cea4bcb52acde7008820e7387f8bfbd5f9e9cff6","b79c0eae75eef8fde2d2b70084172406435e5e5786eef07beb15d7aaf3de679c",TRUE
"mv08zz_private_rehash_v1",17,1387,"2101a84ed3cd908223614a91ccd340ec1115932f19720149b34583ca7e83bcc5",10920,"8c1c69c32176ebd508358eb77a23dc3e97c29fd14859d50ae9980730d577a7a5",686384,"3fb0d4406ff89f4ab2aba1d2cea4bcb52acde7008820e7387f8bfbd5f9e9cff6","bcd515a051d69bb5ea4afb35c6c937bee416c2ab3701436934f9056b145b0ff2",TRUE
"mv08zz_private_rehash_v1",18,1419,"b1a59862460b2ebf15c637c5ab8046b7feddc650dce16315975d228804874a70",11781,"885786c09e85f3b0ca18b4c2f69377c4edee317613b8c4110b9c9b15a36ae0f4",686384,"3fb0d4406ff89f4ab2aba1d2cea4bcb52acde7008820e7387f8bfbd5f9e9cff6","50cce7022dac031495a42b00b01f15bcd8532a52e008cc9a495c116a94228c23",TRUE
"mv08zz_private_rehash_v1",19,1409,"55fe2404964eeaa10fc08a49db678768a28251f6c8d467437253ab9a0c4775b4",11433,"93508a8441fb1b5c1c9fc844c06e261475cd0ccd5a6afbe6b2ce6b16b35e57aa",686384,"3fb0d4406ff89f4ab2aba1d2cea4bcb52acde7008820e7387f8bfbd5f9e9cff6","76225bc767411d4d0c3af4906c6709f424dcc906b7d9a3bb9ceebaa29a04eded",TRUE
"mv08zz_private_rehash_v1",20,1388,"a41c6bc7b4dd7db55f86546c4904433fcea6b63db365418b5cab002da59c08fd",10858,"302f3f97fea8aeff596d6f7e7ff3d8d2e41f470afa32e79ace2300abdc41f29a",686384,"3fb0d4406ff89f4ab2aba1d2cea4bcb52acde7008820e7387f8bfbd5f9e9cff6","bdbe3db3090ecf90b511d21cb12fb85b0fa5f85a5f68d3247d378cf51fae7a2b",TRUE
"mv08zz_private_rehash_v1",21,1419,"409ae9cd8c50d82ac0ee7a78f1eaffa6dab179a72414a8a5d4be94118c9e76ec",11864,"0a288a5f9b38921117a7f0f3ede21391d2ce7a0e35c966069a56a6eef5468dcc",686384,"3fb0d4406ff89f4ab2aba1d2cea4bcb52acde7008820e7387f8bfbd5f9e9cff6","e14f3c1a90bd4a585876050ada493f22a6e1441c6be6282ea8b5c83bd531c6be",TRUE
"mv08zz_private_rehash_v1",22,1410,"e1f6ce31d4018e52e229fa594592adb9843ef88d06589902143b565a45fd62d2",11369,"81b1f4473582b7a1305ece0c5124ab0e77d9b6947f1da2dd1cde8e4341f63503",686384,"3fb0d4406ff89f4ab2aba1d2cea4bcb52acde7008820e7387f8bfbd5f9e9cff6","8edf5c9c11a990d8f7e2315ac2818418d98e43dfa2b69dcbd543de44d290c636",TRUE
"mv08zz_private_rehash_v1",23,1374,"36c2b77ea7cf1ab2a3923f530120425171b28c4d148207dec9a808fb51df7e94",10767,"5b3a367d7d42db6f92aca7b2930a481b8c822b8287ba873b4be6e18b987c875e",686384,"3fb0d4406ff89f4ab2aba1d2cea4bcb52acde7008820e7387f8bfbd5f9e9cff6","587e3c5cea1ff71128bd7aa1f966f92a85b49975f7ded96f65ad85c3e6062b74",TRUE
"mv08zz_private_rehash_v1",24,1416,"40bfa2210e58330121b3c3839e8ba317cc57fadbcf38ad5d7eda04e2892e36cd",11769,"87928dc075e2f992127e6490a62b97ab95aefe9647eb421108ea7e673ad0aac7",686384,"3fb0d4406ff89f4ab2aba1d2cea4bcb52acde7008820e7387f8bfbd5f9e9cff6","ce0282237cbf35e228c8d00729cfb93efe62c49dd0bc66e351d242423ff2cbeb",TRUE
"mv08zz_private_rehash_v1",25,1408,"eb258d2d014b9232488bbf2018e0127988c77ead40b023ef440f6ad7364ed66f",11481,"1256dc31d48e4573ca74a14241061142b90f96404616ebddb506b2352784e6ff",686384,"3fb0d4406ff89f4ab2aba1d2cea4bcb52acde7008820e7387f8bfbd5f9e9cff6","16fb4b4cca870cb50f83024ac6d1a28cf0dd06d4087085283bc1d57654feef22",TRUE
"mv08zz_private_rehash_v1",26,1388,"c3d7cecac1813b0cded60ab095432dc34711ef2b0570c4fa42a87da12eff2bda",10809,"05d46c88ca2ebe8494c9eb58604561e353167d1d81efa1a04ac786c68ef80846",686384,"3fb0d4406ff89f4ab2aba1d2cea4bcb52acde7008820e7387f8bfbd5f9e9cff6","cf053a14d4ce6d447281018f9417dbd4c02ab18794f8510a51413fa36b4afffa",TRUE
"mv08zz_private_rehash_v1",27,1416,"cd766ba251166f7a937f82906dcfc1e5ad8f019d4acb57d4ea6e440944da5ff7",11822,"ceac3c5b0b73f2b0940fbec016c42a394c475c7ac53ad375b1dd151fff4215f1",686384,"3fb0d4406ff89f4ab2aba1d2cea4bcb52acde7008820e7387f8bfbd5f9e9cff6","820babb704541af4a10612301a8c577ade1a2b2a9171caee42fad0b3a2003cea",TRUE
"mv08zz_private_rehash_v1",28,1405,"5b1a330915e6490c2a0f7b4f0e6268bd2f9f8d92da7542cefaebc2dbe1f62cd9",11337,"b121a623af550a3bc9374dda1394a92e36fd1b0172c8b4bbf7ccb85f741ea9fa",686384,"3fb0d4406ff89f4ab2aba1d2cea4bcb52acde7008820e7387f8bfbd5f9e9cff6","55c1cfde864e9029318b5b2ebd72d04aa74eaa2c48ed7cfbac8ba46552b3a7bf",TRUE
"mv08zz_private_rehash_v1",29,1388,"8ea23a838039462b2dfadf76c689f7ab3ed6ed8f603810d745fea440a07c50e2",10899,"2e2d46e52f84f997492f7e4de52a0a3e21a0a741fe7d9dea36a2f5a378ee802b",686384,"3fb0d4406ff89f4ab2aba1d2cea4bcb52acde7008820e7387f8bfbd5f9e9cff6","233541433f583384afcb6b4db956260daf38be5b28fdffe0e54c3f352701dd60",TRUE
"mv08zz_private_rehash_v1",30,1418,"6dbec6cfaa6e898155022f7afacd0c58373ed0f159731637a7386cf8463ffc9e",11915,"f6967c2dbb03058e24ac39fa51220c9911b1de001e583cb69fa1c51939eabad3",686384,"3fb0d4406ff89f4ab2aba1d2cea4bcb52acde7008820e7387f8bfbd5f9e9cff6","230f7842af41826d70b7e4065bd6bf849d73959a976d9e3b70d4ea769bbc07e5",TRUE
"mv08zz_private_rehash_v1",31,1353,"ea9b724b15c1ccc6c68dfe4e45f455c42cd464eb3242da10e10e37105b9ebbed",569,"0f7be6bf484c76f209452c5713f11da57f13153330f881b36d328f72b43283e1",1444,"a5dab2f617abe5e6331bf5356d4321a88716018d1d974103e9f7530a334e2095","fa19b776bf496c9b699e87532a026555e41f6390954960365fcdad8bbd3124e1",TRUE
"mv08zz_private_rehash_v1",32,1331,"de6472aba57feef782177b2221d30029d026ab0eca27f848cc05edf6d1136dfb",537,"e1b3ed92fd5038768d00440ae7c40de0853c7895017dcb45fc0e5104aecd0950",1444,"a5dab2f617abe5e6331bf5356d4321a88716018d1d974103e9f7530a334e2095","722bc0c439d9592a143273076c2aac71973dafe438b79d84ca81086c27d4b200",TRUE
"mv08zz_private_rehash_v1",33,1383,"6ccbd53079a94129a8759507de62652b6c8b954eaee56940355b0ea1615ae426",681,"4bb48969dfdefe84fb0688d10833f8af99d338e27b687d9eaf72088d65c9811f",1444,"a5dab2f617abe5e6331bf5356d4321a88716018d1d974103e9f7530a334e2095","7a9f9e193a614f4adbdf245b7c23482fceea44d9b95bc3e317f6f70c5253cf6e",TRUE
"mv08zz_private_rehash_v1",34,1355,"bebcf11a000041b9f86535df952908e0778894a1a2e6dbd2e46187514fd0ba4e",609,"9a28d05b703e349ca21b91d261eb4784438047e8693925e8d1a0489905f99778",1444,"a5dab2f617abe5e6331bf5356d4321a88716018d1d974103e9f7530a334e2095","8a96caf1a47cb65360356cf8f1e9824a0556c3195bf30899056fb8ae9e478f70",TRUE
"mv08zz_private_rehash_v1",35,1385,"51ee62e40f0cc81a92549d485b6a851fa859f53093352ac5608f81d92e329c26",689,"1f37a6a6111e32f26a341b9c51ea38147b5f8826b02e47779c8469d47008dd3f",1444,"a5dab2f617abe5e6331bf5356d4321a88716018d1d974103e9f7530a334e2095","2a05d449f2573e237c515aff061cb7ef207bf6543291385e34c8d9660cc98c6a",TRUE
"mv08zz_private_rehash_v1",36,1355,"42b22a760f829f4574470c82dab8e53309644653645287c600b2b71a8fffeb69",569,"f1eab511f48d139cc4a7a28682ab2f2c5ecb8609fd39f2f1deaac538811c4c1b",1444,"a5dab2f617abe5e6331bf5356d4321a88716018d1d974103e9f7530a334e2095","86ff116245e93fe6962dc97c935087b9b73bfb72526e0f9e55c89887c47f046b",TRUE
"mv08zz_private_rehash_v1",37,1333,"b851459aa474c2faebbe4a62731882d2700da14facd0322641fa56307a288bec",537,"57b18b7f0f5ab32de13775266253fd4ed1bf0a87cd7a8946aa0c7702db78dc53",1444,"a5dab2f617abe5e6331bf5356d4321a88716018d1d974103e9f7530a334e2095","63b82a18c5e766a689f831bdba072149f047cc29550d5b3fcc98b5e474d795a6",TRUE
"mv08zz_private_rehash_v1",38,1386,"6c2ebf3fefca806029b0b348c4f6e57a90e6ac56132349dabfde389eca1eb940",681,"c0b560bb58f2033aa498188fc50733c2b4154b9a2fd96ccb783b9459a16093d5",1444,"a5dab2f617abe5e6331bf5356d4321a88716018d1d974103e9f7530a334e2095","a8c18ebca020ad9b8945e11f2d35de47af0798aefbf4c6b62ce1a875686c9425",TRUE
"mv08zz_private_rehash_v1",39,1356,"1adfa51c0e926c6eaf25fd70ef7152be6ab14ae012bad44c3b7dcd36122636a6",609,"83e5ccefaf2349187fe38580a6da60430be6c8444f877a7b6bd2b2b999025fdc",1444,"a5dab2f617abe5e6331bf5356d4321a88716018d1d974103e9f7530a334e2095","8d2af0063f563f7f05b7949cfffe871da27ca7d8e55e9376b9a0439e05b60a93",TRUE
"mv08zz_private_rehash_v1",40,1386,"8fa08d0b650d39c1b9d7f2f0c9f2fd43b76636260805501c191c8f47034c0e42",689,"76eb1b50528f406b8b23b29bd117763114fc7c8f155c56dc306ae9389a4d4b3d",1444,"a5dab2f617abe5e6331bf5356d4321a88716018d1d974103e9f7530a334e2095","4efc9ab5bfdaed84dfb5a721a47d2c31f647da2ffc3f5e3e3f33fb8f2baa9bae",TRUE
