"contract_id","group_id","expected_sha256","actual_sha256","matched","reranked_after_label_open"
"mv06h_prediction_postcheck_v1","mv06f_group_v1:fbed6ad04f8243313ed439ecb5f29ddd43326a478d9b60fb21ff84be70b6ebf1","ee84d39d3f9c6db359406a741cc205d7d14bfa95cd5e5a77ab856335481f5dd7","ee84d39d3f9c6db359406a741cc205d7d14bfa95cd5e5a77ab856335481f5dd7",TRUE,FALSE
"mv06h_prediction_postcheck_v1","mv06f_group_v1:1fdd87ee5e65ad31c7f286b5b15dc9e13314d98d6ca81e353781a52bde5bbac7","7e6514bf0bbf16761fff32cd624fd535da6275b9e58b00b673de24639be47fb2","7e6514bf0bbf16761fff32cd624fd535da6275b9e58b00b673de24639be47fb2",TRUE,FALSE
"mv06h_prediction_postcheck_v1","mv06f_group_v1:dd313858dc9ffd6ea3fc525acd499918846e034806bcae3cf04bca1a95132065","7bcea1d1acb5c2002ced14400bc43efdfabd06bcc0aa095f2b326af45d623f6b","7bcea1d1acb5c2002ced14400bc43efdfabd06bcc0aa095f2b326af45d623f6b",TRUE,FALSE
"mv06h_prediction_postcheck_v1","mv06f_group_v1:9b2d1f39b561e50dc627020719820107f43f2cdc3fead74850072e711dbdb665","178bcc3810708e571b45eb52f6eb5d9d41da3351374af3448551bdb57b283ef0","178bcc3810708e571b45eb52f6eb5d9d41da3351374af3448551bdb57b283ef0",TRUE,FALSE
"mv06h_prediction_postcheck_v1","mv06f_group_v1:93330cf105cfdf4e425ea228174eeb758ac21ca417d1e649f537e74682c1de67","32c50fa6ef6a11650c4970fa66d90c9c8f682d81e12fb5d90f31a640c71664ca","32c50fa6ef6a11650c4970fa66d90c9c8f682d81e12fb5d90f31a640c71664ca",TRUE,FALSE
"mv06h_prediction_postcheck_v1","mv06f_group_v1:2519b46581f7f2c91691fbe8e7b5d3dee98d00bdf38dace46a96d025dd694b26","3ebc20f86fc336811f876644a6f3713119c3244864bdce22011625c0a448ff34","3ebc20f86fc336811f876644a6f3713119c3244864bdce22011625c0a448ff34",TRUE,FALSE
"mv06h_prediction_postcheck_v1","mv06f_group_v1:46fb2e2ee24ce2b14b9bc31f5f076ac7240b86ef871227f8e2593e9eb8444f66","f689d59258486a223bb0864499fcc26fd567012cbc20e30fd88212afe8920021","f689d59258486a223bb0864499fcc26fd567012cbc20e30fd88212afe8920021",TRUE,FALSE
"mv06h_prediction_postcheck_v1","mv06f_group_v1:92c24466932dbbdc2c20c1f18664eb2ed4b07f5c013dfdeee20ed9381a6fcdd3","3a75b344fa3c4a944ece961be0fff3dbcdeabc21942ffba31eb6e31ba37b94b8","3a75b344fa3c4a944ece961be0fff3dbcdeabc21942ffba31eb6e31ba37b94b8",TRUE,FALSE
"mv06h_prediction_postcheck_v1","mv06f_group_v1:394be69720fe1c8d1f1079746d7f8b512262c954632e11fbbc488f93697ebc15","94eb83c1f9e7bb2546284c7c7a7bccdd2a1ea7b8b401557dd75a783869d59a9d","94eb83c1f9e7bb2546284c7c7a7bccdd2a1ea7b8b401557dd75a783869d59a9d",TRUE,FALSE
"mv06h_prediction_postcheck_v1","mv06f_group_v1:028dc0fb6bf19467f7d7f98b72c2b356b558ae4647763fd9f96ad1022346d34d","481a3fe8fdaf80fd5a15dbc04d39dee06ec75cecc1bc1cd6f3365398dcc8156e","481a3fe8fdaf80fd5a15dbc04d39dee06ec75cecc1bc1cd6f3365398dcc8156e",TRUE,FALSE
"mv06h_prediction_postcheck_v1","mv06f_group_v1:202da4b3725f8981b02bd1b53a07055ab079a4f3995ae4e5cb4fb7f60dacc4b0","965aca19c4540b5d02cc2c4e962b5d0e8df9095e1d7bacec8f5e79039bf817be","965aca19c4540b5d02cc2c4e962b5d0e8df9095e1d7bacec8f5e79039bf817be",TRUE,FALSE
"mv06h_prediction_postcheck_v1","mv06f_group_v1:19131b37e2c9b21894c06d7dc933e65aabe3b75b6453cf2e3b9dee1c9a75c621","c5bd3122747e3c167e1711ac33d59f0bb13967524462910cb0101560e72c6a9b","c5bd3122747e3c167e1711ac33d59f0bb13967524462910cb0101560e72c6a9b",TRUE,FALSE
"mv06h_prediction_postcheck_v1","mv06f_group_v1:adc0117d4c99bc1eb26bbec46d2d7790b200f9d4b3f46b85da022e89cae1fdad","4bfc53ebab4f3eb10027d90b2f83f15c5ffd731dec40dd15065b27e468923667","4bfc53ebab4f3eb10027d90b2f83f15c5ffd731dec40dd15065b27e468923667",TRUE,FALSE
"mv06h_prediction_postcheck_v1","mv06f_group_v1:2dbd4707322a9b93d461f93a522f7dd079fc0403847d8fbbccc4697db12de23d","bcfb87f46fdf723cb3b25b99e844fbc0bf893b9516c64be9debcfb08eb12d896","bcfb87f46fdf723cb3b25b99e844fbc0bf893b9516c64be9debcfb08eb12d896",TRUE,FALSE
"mv06h_prediction_postcheck_v1","mv06f_group_v1:edecded5b1ae4d084e6e5d13df954c48b837df89a4a4f667c7487242425bf2a0","92972d5df89e0136579b910e758c0b787c6282aa4ba38288d8082eacea7c1faa","92972d5df89e0136579b910e758c0b787c6282aa4ba38288d8082eacea7c1faa",TRUE,FALSE
"mv06h_prediction_postcheck_v1","mv06f_group_v1:6a6c02b897dc8af3a16c5599cb993b923d68d2c2bf3e7784cb65c01aaea7bf78","1513f3313ade139ada282c3cffe2c8ca4a0f001864226623306dddad20e2dd7d","1513f3313ade139ada282c3cffe2c8ca4a0f001864226623306dddad20e2dd7d",TRUE,FALSE
"mv06h_prediction_postcheck_v1","mv06f_group_v1:43f741b24882a216e9dea3995eff9193f316a6de993f9d242ea71e63ef10688e","f52031e798a37f61d621ad3900782c9b6239f1365b483783714b830f490bebdd","f52031e798a37f61d621ad3900782c9b6239f1365b483783714b830f490bebdd",TRUE,FALSE
"mv06h_prediction_postcheck_v1","mv06f_group_v1:6173ccea6d63851b2e9b82720bd8ede9dc2c3a7eac0ee941069a06c0bba1f6ef","aa988294d37e18658ed792722b98eacf758206df67354bc72905280ca3a59c2a","aa988294d37e18658ed792722b98eacf758206df67354bc72905280ca3a59c2a",TRUE,FALSE
"mv06h_prediction_postcheck_v1","mv06f_group_v1:83857e729b5c915d1730fa26a699f3c51f7b46c4e5c022a9d6a0b39dfd18b7a4","3e2606bc87ca46c9e0d306d86a01673953a7043eeaf770e071c23f1f98f21a5c","3e2606bc87ca46c9e0d306d86a01673953a7043eeaf770e071c23f1f98f21a5c",TRUE,FALSE
"mv06h_prediction_postcheck_v1","mv06f_group_v1:217c8c9c0c930f18f2771bf0196d626a14dfd0c03b58ff35e9c3f6305c982c6c","c4dce137d00c1567b9dc70521532471141a55672691a61a939808b915c2743ef","c4dce137d00c1567b9dc70521532471141a55672691a61a939808b915c2743ef",TRUE,FALSE
"mv06h_prediction_postcheck_v1","mv06f_group_v1:fc5d677c53b007825795a532217a7a0b304d1ba194ed55ac2b9453bb46528caf","f4f9b505dd55edfa9a092088ee47a4336bb69e32683b96f65fe2684d68047e27","f4f9b505dd55edfa9a092088ee47a4336bb69e32683b96f65fe2684d68047e27",TRUE,FALSE
"mv06h_prediction_postcheck_v1","mv06f_group_v1:d3489bd29f963998a866f656c34b28ad83f39f428edb2044db6ba7d6c74b497e","5ec41c39e90b73f6f821aed948b0ada51324d00e26bb94b4ffb3b6f35c6e6c57","5ec41c39e90b73f6f821aed948b0ada51324d00e26bb94b4ffb3b6f35c6e6c57",TRUE,FALSE
"mv06h_prediction_postcheck_v1","mv06f_group_v1:f626f7a23c0da9442869073a8d1578ff762ca365755279f9d24c91fa42f02744","27a3e1b7361cd256558b49b03de8c9d578b6efb4b81b736813fbeeec113eab37","27a3e1b7361cd256558b49b03de8c9d578b6efb4b81b736813fbeeec113eab37",TRUE,FALSE
"mv06h_prediction_postcheck_v1","mv06f_group_v1:4098ac5af058ba0e221a63270e46cf59c3d75ced53824e13d228750b93a14176","62602f47fe0bc5740914342fa1a089abbd7bec28222f0f995aba3af28a43451f","62602f47fe0bc5740914342fa1a089abbd7bec28222f0f995aba3af28a43451f",TRUE,FALSE
"mv06h_prediction_postcheck_v1","mv06f_group_v1:5a583b2218848b65208a9a6bb9aa69dedba69c7379bc71dbcb10d07756fb8843","168b7c264f5e51e8a42df25e4d3540abcaf7ba65f9f8128108bf0c915e3366c4","168b7c264f5e51e8a42df25e4d3540abcaf7ba65f9f8128108bf0c915e3366c4",TRUE,FALSE
"mv06h_prediction_postcheck_v1","mv06f_group_v1:4a29e4b73f9837e3269f46e4075ba7ff92d136a44fb18445e29ea5b5f700bfa2","190eda9342cd2e0eec624c1d552f301426d1af7a08ee1422ee7e92f591e23259","190eda9342cd2e0eec624c1d552f301426d1af7a08ee1422ee7e92f591e23259",TRUE,FALSE
"mv06h_prediction_postcheck_v1","mv06f_group_v1:ec04a019520b47f2e06bf36357157ac681485db225c863b875fd8e2d310da587","e56762727b92f7b54bad6d20c87e642c7f5241d318e92206e695ca9ff59b9d8b","e56762727b92f7b54bad6d20c87e642c7f5241d318e92206e695ca9ff59b9d8b",TRUE,FALSE
"mv06h_prediction_postcheck_v1","mv06f_group_v1:14fb892565d0e046e4f9b8d2c6d6b9d9c24776387fbb25b43a88653832bd6895","0f87b36d8eda53549fe8b96f42754599937f97990a6b14b76f2c3dc9d863e766","0f87b36d8eda53549fe8b96f42754599937f97990a6b14b76f2c3dc9d863e766",TRUE,FALSE
"mv06h_prediction_postcheck_v1","mv06f_group_v1:b9a686861c0049811aba93c5669c920ee9e142f21c8983a3eda62f8ad8c2fe35","241cb4185b0471a88f942d8f46bd8d318b25ce3d78bfaa7bc792105d1da3a398","241cb4185b0471a88f942d8f46bd8d318b25ce3d78bfaa7bc792105d1da3a398",TRUE,FALSE
"mv06h_prediction_postcheck_v1","mv06f_group_v1:1e66635d25e45e7b660e0e417cd56eb8bb7b90dd253e8ea2933a93d071a3246e","c9df5c86bd7f01e7bfb3ea9b9f731f74733c849d2029bbbe6b2212c35dda2e73","c9df5c86bd7f01e7bfb3ea9b9f731f74733c849d2029bbbe6b2212c35dda2e73",TRUE,FALSE
"mv06h_prediction_postcheck_v1","mv06f_group_v1:d304d55fbbeecada17b0184224dbc522eb17057a70285626d680398bca6c7311","d3980469bafbb8446310820fae51a264fe2b5b0be97923171c3b60264b68d2b8","d3980469bafbb8446310820fae51a264fe2b5b0be97923171c3b60264b68d2b8",TRUE,FALSE
"mv06h_prediction_postcheck_v1","mv06f_group_v1:8b800627d811646f9472d9260770ed37b83dc236ffed9e1813ac7260311bd47f","685b0e98dde5c046fe591869ccff5cce7a951383effbf7cf2331e098e2de4dd1","685b0e98dde5c046fe591869ccff5cce7a951383effbf7cf2331e098e2de4dd1",TRUE,FALSE
"mv06h_prediction_postcheck_v1","mv06f_group_v1:bc2aeeeec6ce6575b33720400a79676dfa60324239fa9519cbb499dfbbb17d19","f773f80b214920520a0d51e126dfe54776351f0eedd94e66b5c41e47ab8ef5e1","f773f80b214920520a0d51e126dfe54776351f0eedd94e66b5c41e47ab8ef5e1",TRUE,FALSE
"mv06h_prediction_postcheck_v1","mv06f_group_v1:0abaf23bf5f9aceb799f79a130c507eb63193b7b91fea50dcea035bb293f6e8b","5afc4af68bcf5b9697f3d55a4bbc02ab39bc106f540d9fbcf858bf41bca54d3f","5afc4af68bcf5b9697f3d55a4bbc02ab39bc106f540d9fbcf858bf41bca54d3f",TRUE,FALSE
"mv06h_prediction_postcheck_v1","mv06f_group_v1:b78f7ac00ffefcaac391af0c8d588f9cc57926b694039c636d2ad434be3f160f","4ad0629d4cb52cb640c41ae0a00de2c3b4601f03131fd18c6516afefdd01fbb0","4ad0629d4cb52cb640c41ae0a00de2c3b4601f03131fd18c6516afefdd01fbb0",TRUE,FALSE
"mv06h_prediction_postcheck_v1","mv06f_group_v1:08aeeee1d79b188b7a96f0c88bc767f2822336c2522b90bf8ac3d4d0afa42f7a","ac8715a41d8aa215b5f9771f4185fc7a57a09442e21373226eeafd39c10ffeb7","ac8715a41d8aa215b5f9771f4185fc7a57a09442e21373226eeafd39c10ffeb7",TRUE,FALSE
"mv06h_prediction_postcheck_v1","mv06f_group_v1:628f707eace53f1d02d05a05644916cc933549085f579059062942a87fcd9eca","5c29b21a5af38317f9d4941fbaa70f341675a7efad324cb4fb1fc0fc54664179","5c29b21a5af38317f9d4941fbaa70f341675a7efad324cb4fb1fc0fc54664179",TRUE,FALSE
"mv06h_prediction_postcheck_v1","mv06f_group_v1:2b10e2be129d09113bb6c23c209180089b1bd0f3ac7e6ffc536079bc415a339a","f1c50f2ffd7a8904dcbbaa62d3106f6bdc1fb0665ccde68a0adc8ea3244861ec","f1c50f2ffd7a8904dcbbaa62d3106f6bdc1fb0665ccde68a0adc8ea3244861ec",TRUE,FALSE
"mv06h_prediction_postcheck_v1","mv06f_group_v1:b2ec6de7ae421895363f86584f6524280ade79aad6163f33a880d2d726cb3d41","fcd82ccc176de276e8ab8eff87cf259c43749da75936159c024eb630c3b04905","fcd82ccc176de276e8ab8eff87cf259c43749da75936159c024eb630c3b04905",TRUE,FALSE
"mv06h_prediction_postcheck_v1","mv06f_group_v1:68df8117e967bda08f592eb2b4f3b8c96d1ca88c8a15b69375c613e716797ff5","31c9b7624b7748f10011977a22d68066e972071c8584e6e25fd717f20f441bf3","31c9b7624b7748f10011977a22d68066e972071c8584e6e25fd717f20f441bf3",TRUE,FALSE
"mv06h_prediction_postcheck_v1","mv06f_group_v1:67858282214382f3e8fecbe28b794feda7d00799e52ae46575d632bd59d1a89d","a6b6a8e73b224d2b8cefe445f5df660738ae54e4ce385a5a5873b12e249b16c0","a6b6a8e73b224d2b8cefe445f5df660738ae54e4ce385a5a5873b12e249b16c0",TRUE,FALSE
"mv06h_prediction_postcheck_v1","mv06f_group_v1:72b53f6e0ccff94d9f8001599e1f0b63e3899733f72abd2a0ae993a4aa728f92","0f6458090ccb50c9b8e53a3ec47b87ca341c2554f0682ba4cbd8379f9045f973","0f6458090ccb50c9b8e53a3ec47b87ca341c2554f0682ba4cbd8379f9045f973",TRUE,FALSE
"mv06h_prediction_postcheck_v1","mv06f_group_v1:d3aca232b73eac7590da85aca6ed36bbaa8cb555c51a2af05b1b6b2711f016fb","b296e59586ea31bfd591635f70072d16024462ad9789d1088459924dbed1c3a4","b296e59586ea31bfd591635f70072d16024462ad9789d1088459924dbed1c3a4",TRUE,FALSE
"mv06h_prediction_postcheck_v1","mv06f_group_v1:0c65f3e6ca263a121de390bfa47bfaedc051687a0b4d8632d1f5de0bf24b0c27","c53eea38707a2bbe8b8314525b674407723a02184a3b35adb466857972a0cae1","c53eea38707a2bbe8b8314525b674407723a02184a3b35adb466857972a0cae1",TRUE,FALSE
"mv06h_prediction_postcheck_v1","mv06f_group_v1:9722d70aa65c60ce06d827661afae22ca2c6afd162f76211a329575a4538d33a","78029aaa3c45b657304449f8e717767346f6b7ee01cbf9d03bfaafc48f6e2841","78029aaa3c45b657304449f8e717767346f6b7ee01cbf9d03bfaafc48f6e2841",TRUE,FALSE
"mv06h_prediction_postcheck_v1","mv06f_group_v1:6890cbf2d67487dad1516f5ef4d3e8620e6da73cfdb37bbad27e7fa0f7f2b64d","6b56942d2a2bbbe7f723922e63c48ad4514164e2d77a6186bbda3e347b29ab41","6b56942d2a2bbbe7f723922e63c48ad4514164e2d77a6186bbda3e347b29ab41",TRUE,FALSE
"mv06h_prediction_postcheck_v1","mv06f_group_v1:feb1d3ce88f5a474c58f20177f96e7f850b252d2098154e139f88ce674094444","a7365249c2f47901d278232149cc74eb088aaadd22175e768b369d18328e43be","a7365249c2f47901d278232149cc74eb088aaadd22175e768b369d18328e43be",TRUE,FALSE
"mv06h_prediction_postcheck_v1","mv06f_group_v1:2734ab2f32b3459bc66508c10d7583fac02ce0425b342d73efe7f3f4f4b4aa68","8dba95a1d29fb06e720239388b137b8162e69fa8a3097772b905b553b101ffe9","8dba95a1d29fb06e720239388b137b8162e69fa8a3097772b905b553b101ffe9",TRUE,FALSE
"mv06h_prediction_postcheck_v1","mv06f_group_v1:2c78a35b51ec2615beb82313010a9d9489057c3a225aa923f16e3228468dd8ae","38335f5a2996c5f383f1d9cde9ec062c8efd61b6b594fce80d3eebb8fbdc57f1","38335f5a2996c5f383f1d9cde9ec062c8efd61b6b594fce80d3eebb8fbdc57f1",TRUE,FALSE
"mv06h_prediction_postcheck_v1","mv06f_group_v1:fbca3ade46a2dd671380df8e7fb07714bab96d9c8c8a9e0c9a579422ee8ec53c","90d6ef3cc6bf0a15fbabc545d01e8664165f9c158cd9a587d8552658f492d643","90d6ef3cc6bf0a15fbabc545d01e8664165f9c158cd9a587d8552658f492d643",TRUE,FALSE
"mv06h_prediction_postcheck_v1","mv06f_group_v1:e1a65ad83356a04ea2dd1bff442eff5fc682ce4897045040aac220e3ec0dcbe0","05b30bfc9063a2209225f8dbe22cefb62e38f66f98cba631b6f87e1d0a22d658","05b30bfc9063a2209225f8dbe22cefb62e38f66f98cba631b6f87e1d0a22d658",TRUE,FALSE
"mv06h_prediction_postcheck_v1","mv06f_group_v1:decdd91d6aa94de71f4716651259b472a2a02d1143c6d51510d1e1803ca7cfc8","97048e51873de823ea8dc0c0d4e111a40510f220771abdf28f386c47b9ffe253","97048e51873de823ea8dc0c0d4e111a40510f220771abdf28f386c47b9ffe253",TRUE,FALSE
"mv06h_prediction_postcheck_v1","mv06f_group_v1:fd89439b152e8788780776a6f491f20ad5cc8e695711224d8309ad92615d4f61","aa56e0dfc9411781f434d9fb7de1e653356fa48280b2cd7b3ac312f9ece23e2b","aa56e0dfc9411781f434d9fb7de1e653356fa48280b2cd7b3ac312f9ece23e2b",TRUE,FALSE
"mv06h_prediction_postcheck_v1","mv06f_group_v1:17bbb301c021120de90a2c3d676bcfeae639ab4348df09976064649e75aa25f1","a38ad04b1e62a8bc5f81a7e085c0ee5cf902bbf0d78e723c8e735af8ad71a4c0","a38ad04b1e62a8bc5f81a7e085c0ee5cf902bbf0d78e723c8e735af8ad71a4c0",TRUE,FALSE
"mv06h_prediction_postcheck_v1","mv06f_group_v1:8a1c1fd1ec6c38fff930224001e8780cb6a3f77aa66359987eeb8b7e7b8dc7a6","74cd29bf74fcbf00c55dace9b5f625fc5573da97de513d83480f60c6d810e5f9","74cd29bf74fcbf00c55dace9b5f625fc5573da97de513d83480f60c6d810e5f9",TRUE,FALSE
"mv06h_prediction_postcheck_v1","mv06f_group_v1:7c19ff1e3d0cc1f6840e8dc812b71fe9aa67efc7dcfe7452f3b7d9e5ee2002d2","08632c4f1bc23d32797d2f34d40fd93a9e9fa8737cfc2997329a4759d8535948","08632c4f1bc23d32797d2f34d40fd93a9e9fa8737cfc2997329a4759d8535948",TRUE,FALSE
"mv06h_prediction_postcheck_v1","mv06f_group_v1:7dbadc56fbd61636fcb998ad170213953cc29b6852148b25b739630b0a399b4e","41cd7b55897c4a6eedd915e294c9f6fb46e46ef95248a02b7c880b5dbfcf6f75","41cd7b55897c4a6eedd915e294c9f6fb46e46ef95248a02b7c880b5dbfcf6f75",TRUE,FALSE
"mv06h_prediction_postcheck_v1","mv06f_group_v1:7f98730bc851a3c4b5877a38a69e20b88ee8343ccb135f89bd6440d8b77ba948","d79d92f9f9032399c24e1cfd5837c72626563a41b57da33d384025be30ec8369","d79d92f9f9032399c24e1cfd5837c72626563a41b57da33d384025be30ec8369",TRUE,FALSE
"mv06h_prediction_postcheck_v1","mv06f_group_v1:858156269cc82adfd2a08d7f02843c6f20bd323c45d04d191db5b0daa8b2e98d","7f5f3875535353916f7a64d5c5db17e071ca3a42158f62c6bbd5d517d9102c57","7f5f3875535353916f7a64d5c5db17e071ca3a42158f62c6bbd5d517d9102c57",TRUE,FALSE
"mv06h_prediction_postcheck_v1","mv06f_group_v1:26e9fae36393a93186d31abc4b743802345db6aeb2b3edea2a4bf19706d081fc","ba2d360e91cddc4a0dd6f91edfbd124ffcf68c2d4dae4c088fedafa05650b52b","ba2d360e91cddc4a0dd6f91edfbd124ffcf68c2d4dae4c088fedafa05650b52b",TRUE,FALSE
"mv06h_prediction_postcheck_v1","mv06f_group_v1:21f527973cb03b4cf648798023bdf209b74e75c8e2f9c8b07f7591fec4e2ed05","471d17ca77a4af3dc8bf46eb14451f04ab07686b73f4af4e1603fe0a789d037d","471d17ca77a4af3dc8bf46eb14451f04ab07686b73f4af4e1603fe0a789d037d",TRUE,FALSE
"mv06h_prediction_postcheck_v1","mv06f_group_v1:65db552c558c49ec5d0c47f6d7ec2a61a5fd041f16e959cb8fa76c0b8544aabe","8b45427f4d565c4dd0ec0e85e47973471b34610df308a1f56ab1129941315134","8b45427f4d565c4dd0ec0e85e47973471b34610df308a1f56ab1129941315134",TRUE,FALSE
"mv06h_prediction_postcheck_v1","mv06f_group_v1:4f83938581758419ed8209945da5f962fafc84b0bf214808921e5c05521082b0","916ac93173e2cd3106af0eb250bc55a6dc1c3898ecf59cff8eb4daa7f4a9217f","916ac93173e2cd3106af0eb250bc55a6dc1c3898ecf59cff8eb4daa7f4a9217f",TRUE,FALSE
"mv06h_prediction_postcheck_v1","mv06f_group_v1:17fd1f24ff364a54fccff2d22f96838374f3fe5948fd1034f5456890e4aab47c","8ee4d590ef83731217500e145b0021f51603618bf15689fb8752feefbbd71c81","8ee4d590ef83731217500e145b0021f51603618bf15689fb8752feefbbd71c81",TRUE,FALSE
"mv06h_prediction_postcheck_v1","mv06f_group_v1:fdb4ac3c3aac4ab29b4c4ce6867e7142eed606f1fd9eaad9721efb5e9321faea","9f06866b84a9674852d531947d441cc25cd3b8546ae67e667ce612290df913bb","9f06866b84a9674852d531947d441cc25cd3b8546ae67e667ce612290df913bb",TRUE,FALSE
"mv06h_prediction_postcheck_v1","mv06f_group_v1:40c94c4ae479a65d2ecc5fd5a87eebfce74dfc028dcb55b30b9e1fd409a01566","1c9d5789dc0c63270918f8e1020b929f83f4446052453e6ea921768cd021df69","1c9d5789dc0c63270918f8e1020b929f83f4446052453e6ea921768cd021df69",TRUE,FALSE
"mv06h_prediction_postcheck_v1","mv06f_group_v1:c53b623686d3bd75d3d8788cf2ebb7b4ca18cb151fab35453c350aef230a6d22","df5c6b92c077ffc2bf0d370cbfaaf3202aa43ba294fccf3060dfb19ca3905134","df5c6b92c077ffc2bf0d370cbfaaf3202aa43ba294fccf3060dfb19ca3905134",TRUE,FALSE
"mv06h_prediction_postcheck_v1","mv06f_group_v1:69e42b6be65a64765dce79348978f0d1ec6514d290d628388ebf976e93e46e18","e25fd346d79c1e01a48a0782e14d1c71a5a11365e69357cac195ac8166e0a839","e25fd346d79c1e01a48a0782e14d1c71a5a11365e69357cac195ac8166e0a839",TRUE,FALSE
"mv06h_prediction_postcheck_v1","mv06f_group_v1:95e27080059f3b24238eed94f876764d5acd34995a5c3bb8c4058c60339e956f","f527f129656e3911fb0cfa5eb938caaf59d9cf5e7cb179a89f3aa291724c65f1","f527f129656e3911fb0cfa5eb938caaf59d9cf5e7cb179a89f3aa291724c65f1",TRUE,FALSE
"mv06h_prediction_postcheck_v1","mv06f_group_v1:8b1db99677219a935760a8ea535e14facbd8c567b91e0802411a584a13a3d949","86287dc69e05a5b8b5cc2e9cf4c63592ded89b08d515fe337f932fe33a0d8d80","86287dc69e05a5b8b5cc2e9cf4c63592ded89b08d515fe337f932fe33a0d8d80",TRUE,FALSE
"mv06h_prediction_postcheck_v1","mv06f_group_v1:c793b7010ab87434b5072064211deddcde07c9be1b7a80fd93c1e9015b866f02","61f96c5ed23034d469243716dd2cdc9a67befe4ddff6d5a8a90efe083a9e7dbb","61f96c5ed23034d469243716dd2cdc9a67befe4ddff6d5a8a90efe083a9e7dbb",TRUE,FALSE
"mv06h_prediction_postcheck_v1","mv06f_group_v1:e9d8f80bb66d3fb206f6aeb8c36f29957eedafe40e451e2ac72d3714f65a8acf","6dd024fcb916d45884648b2715d5b56bd1d10e24337fdddc8891a8002657bacc","6dd024fcb916d45884648b2715d5b56bd1d10e24337fdddc8891a8002657bacc",TRUE,FALSE
"mv06h_prediction_postcheck_v1","mv06f_group_v1:2c7ae95143a51c4c9f8893b45cff8f90ddf1ce6b61589a80a9d1638fe6c7ba56","6f40ce060a3f140e80014929a84d9f14af5bdfe9bc0317c0d54bc0446ca35c83","6f40ce060a3f140e80014929a84d9f14af5bdfe9bc0317c0d54bc0446ca35c83",TRUE,FALSE
"mv06h_prediction_postcheck_v1","mv06f_group_v1:749214f11cc0677c3ba94b334137c000b303f5bf9daedb43f851a72879ea092f","263c38aeb1072a7d5457bd235fa71a48888e18491d8d7d7e5ea25733f7fdbdf3","263c38aeb1072a7d5457bd235fa71a48888e18491d8d7d7e5ea25733f7fdbdf3",TRUE,FALSE
"mv06h_prediction_postcheck_v1","mv06f_group_v1:b8729188472e8be912368e20d0030e2712552ceec52882c79ddf627da7dac6a0","67a0f3da3f1dc778d0b5079c785e453f22bc556fe5f5e526da0fb5fcab3a8393","67a0f3da3f1dc778d0b5079c785e453f22bc556fe5f5e526da0fb5fcab3a8393",TRUE,FALSE
